dataset,model,mean_mse,min_mse,max_mse,std_mse,mean_rmse,std_rmse,mean_r2,std_r2,n_seeds,n_train,n_test,n_features,n_intermediates,n_targets,target_mse_json_mean
air_quality,oracle_mlp,2597.0010576394197,2498.1570092780858,2764.319625423123,109.5958533673897,32.554849243164064,0.7557364226499225,0.7741681694984436,0.013091168634559815,5,3700,2315,7,5,4,"{""target_benzene"": 1.2181490810093778, ""target_co"": 0.47788402185532985, ""target_no2"": 997.2946029333834, ""target_nox"": 9389.013594521432}"
air_quality,prism_z_random_forest,12059.25950624303,11697.567018157346,12553.009642163306,338.66210025319646,67.5792116925492,0.8243467316548819,0.07177922560641285,0.02107498091002897,5,3700,2315,7,5,4,"{""target_benzene"": 41.26825288272903, ""target_co"": 1.524197875322597, ""target_no2"": 2361.456197214049, ""target_nox"": 45832.78937700002}"
air_quality,random_forest,12412.741526698848,12071.272534527967,12659.63160409294,212.6176897464851,68.35608163217893,0.550600596172625,-0.012703232684082738,0.05175717567198629,5,3700,2315,7,5,4,"{""target_benzene"": 58.29779362612212, ""target_co"": 1.5179230570097728, ""target_no2"": 2197.942511142272, ""target_nox"": 47393.207878969995}"
air_quality,xgboost,13471.124332274194,13113.543545463397,13829.459720790086,294.9172984623018,70.75933177441816,0.6209987293578738,-0.00871265379563084,0.035010433055424374,5,3700,2315,7,5,4,"{""target_benzene"": 55.6102421287711, ""target_co"": 1.3828424891825535, ""target_no2"": 2236.3028998572045, ""target_nox"": 51591.201344621615}"
air_quality,lightgbm,14439.846983952977,13988.23639392454,15565.777773401933,651.7850404986737,72.84960276169392,1.4751244988438459,-0.010408139217830303,0.03584801594055358,5,3700,2315,7,5,4,"{""target_benzene"": 49.39973211690292, ""target_co"": 1.4569553508824666, ""target_no2"": 2284.782523902188, ""target_nox"": 55423.74872444194}"
air_quality,prism_z_acp_random_forest,14645.505811367917,12810.117626540972,15904.83326574542,1180.4789313476758,73.89729264546685,2.709069027576775,-0.11425714741215323,0.0831141712187795,5,3700,2315,7,5,4,"{""target_benzene"": 51.760240304648754, ""target_co"": 1.9215945797804448, ""target_no2"": 2563.3135614469006, ""target_nox"": 55965.02784914033}"
air_quality,prism_z_xgboost,14654.64339984949,14211.562435789405,15176.488925452406,346.50514919629586,73.50377578314175,0.9845558749437634,0.01821583488925934,0.040625715426793205,5,3700,2315,7,5,4,"{""target_benzene"": 39.722466308485856, ""target_co"": 1.4702763241656076, ""target_no2"": 2464.726256664273, ""target_nox"": 56112.65460010104}"
air_quality,prism_z_lightgbm,15545.470438716246,15133.200781699701,16050.78488398063,431.0719688429001,75.57027022689957,1.0441042673065823,-0.042270608174402376,0.035432229753238134,5,3700,2315,7,5,4,"{""target_benzene"": 44.28019923452867, ""target_co"": 1.5429082894844777, ""target_no2"": 2526.553428481966, ""target_nox"": 59609.50521885902}"
air_quality,ftt_mlp,16095.949443226404,14874.864839711985,17127.146152821668,848.5328471550265,77.48501069533143,1.9271255660072109,-0.10022911527720986,0.039463073038451285,5,3700,2315,7,5,4,"{""target_benzene"": 40.72139143258184, ""target_co"": 1.6907171161777725, ""target_no2"": 2987.8107683716007, ""target_nox"": 61353.57489598525}"
air_quality,prism_z_acp_lightgbm,16614.973727870376,14552.391074361354,18466.710514558974,1447.4370853335474,78.13120419101335,3.0463544756221226,-0.15474784137479908,0.07654495734524014,5,3700,2315,7,5,4,"{""target_benzene"": 51.5961672822606, ""target_co"": 1.802169834879826, ""target_no2"": 2681.8922304984117, ""target_nox"": 63724.604343865954}"
air_quality,prism_z_acp_xgboost,16844.763449399685,14026.66714908931,18966.76030399979,1840.8082818730395,78.45442823448673,4.010683996502265,-0.15220704238094607,0.0954330846112859,5,3700,2315,7,5,4,"{""target_benzene"": 51.07362891593142, ""target_co"": 1.8008031158209956, ""target_no2"": 2635.98021132144, ""target_nox"": 64690.19915424555}"
air_quality,two_stage_mlp,17197.51447252205,16698.927463881068,17737.458165300366,482.08724476311215,79.34845733642578,1.0712648663677837,-0.1386249810457229,0.03268473798136192,5,3700,2315,7,5,4,"{""target_benzene"": 48.22179967589559, ""target_co"": 1.6766145922404292, ""target_no2"": 2731.725252934554, ""target_nox"": 66008.4342228855}"
air_quality,simple_mlp,17278.605659131797,16550.714256116116,18241.346288419856,656.4577336366641,79.62671966552735,1.4519427846144628,-0.16849864721298213,0.04996315716162436,5,3700,2315,7,5,4,"{""target_benzene"": 52.40647463274054, ""target_co"": 1.6938625314380062, ""target_no2"": 2759.5933912777373, ""target_nox"": 66300.72890808526}"
air_quality,prism,18054.074680599304,17053.54558715981,18933.986074256027,761.7582729708124,81.19438323974609,1.4900794985236363,-0.19504769742488856,0.007730132102858223,5,3700,2315,7,5,4,"{""target_benzene"": 51.902410598278856, ""target_co"": 1.7533617144227578, ""target_no2"": 2803.705711926776, ""target_nox"": 69358.93723815773}"
air_quality,cnn_mlp,21469.814311910428,19186.666729763314,24213.42814650909,2033.9630951311472,87.66327932742342,4.218948559575729,-0.36859686009316855,0.15987321367165938,5,3700,2315,7,5,4,"{""target_benzene"": 66.81055192565137, ""target_co"": 1.8260863110432346, ""target_no2"": 2857.8541745261887, ""target_nox"": 82952.76643487884}"
airfoil_self_noise,prism,2.2979022178507504,1.8323082234816326,2.6050501380910305,0.2840314076601262,1.5134297609329224,0.09638838475970588,0.9504323124885559,0.006938072539103891,5,961,301,4,1,1,"{""target_scaled_sound_pressure_level"": 2.2979022178507504}"
airfoil_self_noise,cnn_mlp,2.7011739719612127,2.15969874544389,3.1326566996310485,0.420083531352848,1.639425841717341,0.12969619053098946,0.9420454912252361,0.007418857908380261,5,961,301,4,1,1,"{""target_scaled_sound_pressure_level"": 2.7011739719612122}"
airfoil_self_noise,ftt_mlp,4.0997328214016635,3.1716186742197943,5.199420857993441,0.9617378459863183,2.013809525603553,0.23532959862196007,0.9123797127314092,0.016772712528693452,5,961,301,4,1,1,"{""target_scaled_sound_pressure_level"": 4.099732821401664}"
airfoil_self_noise,random_forest,4.553983839797669,3.124684551812698,5.527460523645928,1.0234604841244017,2.122455398940306,0.24790854994033423,0.9020266103678962,0.02142446739799721,5,961,301,4,1,1,"{""target_scaled_sound_pressure_level"": 4.553983839797669}"
airfoil_self_noise,lightgbm,5.276259496403836,3.9830240976256586,6.260701077524157,0.9792497799901912,2.288878911659355,0.2159074575047244,0.8863081204917194,0.02175550468048886,5,961,301,4,1,1,"{""target_scaled_sound_pressure_level"": 5.276259496403836}"
airfoil_self_noise,prism_z_acp_lightgbm,5.486816935008617,4.239636303965454,7.412139285177221,1.2363690187444314,2.3310473340641464,0.25747636144181363,0.8826713581070766,0.020214466804648463,5,961,301,4,1,1,"{""target_scaled_sound_pressure_level"": 5.486816935008617}"
airfoil_self_noise,prism_z_lightgbm,5.6363795496826645,4.376243590838852,7.575302166735517,1.2688800724770612,2.362591215426909,0.26110892954442005,0.8794962237693351,0.020654202318372915,5,961,301,4,1,1,"{""target_scaled_sound_pressure_level"": 5.6363795496826645}"
airfoil_self_noise,oracle_mlp,5.677735562220062,4.3704529061833455,6.792515698691432,0.8767223064897938,2.3768958568573,0.18742214341782093,0.8771369099617005,0.02308742404457331,5,961,301,4,1,1,"{""target_scaled_sound_pressure_level"": 5.677735562220062}"
airfoil_self_noise,xgboost,5.922636087949049,4.628368987974518,7.089314907330185,0.8897100039848757,2.427992952078224,0.18535881624406297,0.8716747240647482,0.02543589351644826,5,961,301,4,1,1,"{""target_scaled_sound_pressure_level"": 5.922636087949049}"
airfoil_self_noise,prism_z_acp_xgboost,6.02790960245256,4.641654259014025,8.265563607809844,1.342224266220849,2.4438349950017537,0.263581390791674,0.8709024477108297,0.022789970875883015,5,961,301,4,1,1,"{""target_scaled_sound_pressure_level"": 6.02790960245256}"
airfoil_self_noise,prism_z_xgboost,6.274269263930359,4.94478092265034,8.327908781488697,1.2523100471169601,2.4954260864444144,0.24268784225593568,0.8654567357576604,0.021642962693852377,5,961,301,4,1,1,"{""target_scaled_sound_pressure_level"": 6.274269263930359}"
airfoil_self_noise,prism_z_acp_random_forest,6.292473667012092,4.676524714733759,8.828139350939196,1.5576634915738599,2.494047958532259,0.3004131479170898,0.865438235521772,0.02636358592991093,5,961,301,4,1,1,"{""target_scaled_sound_pressure_level"": 6.292473667012092}"
airfoil_self_noise,prism_z_random_forest,6.312872718386412,4.7125386593547605,8.86250692547104,1.5630530048703055,2.498109304633456,0.3006713747810119,0.8650027121079109,0.02646909149443626,5,961,301,4,1,1,"{""target_scaled_sound_pressure_level"": 6.312872718386412}"
airfoil_self_noise,two_stage_mlp,6.892205530580805,5.688950547369643,8.839450886775069,1.1732180645328774,2.6181175231933596,0.21698549873399864,0.8517207622528076,0.02457295297535047,5,961,301,4,1,1,"{""target_scaled_sound_pressure_level"": 6.892205530580805}"
airfoil_self_noise,simple_mlp,9.44270214375705,7.890167660909583,11.498632210211838,1.3345474835727469,3.066904401779175,0.21447474823557525,0.7967238903045655,0.028912005819051838,5,961,301,4,1,1,"{""target_scaled_sound_pressure_level"": 9.44270214375705}"
auto_mpg,random_forest,8.8242482399036,5.686310392342012,12.438414267322996,2.7340642299366755,2.941601840978689,0.46263761338437137,0.8659014537284853,0.0339972918447164,5,250,79,5,2,1,"{""target_mpg"": 8.8242482399036}"
auto_mpg,xgboost,9.003261536397934,6.091741512372522,12.012187758339445,2.8184681998122647,2.9707841492498086,0.471305467510225,0.862833117708556,0.036915062848069974,5,250,79,5,2,1,"{""target_mpg"": 9.003261536397934}"
auto_mpg,lightgbm,9.36560685911644,7.047464088446401,12.423074251881243,2.275064723522813,3.0426359265874834,0.3673783427128752,0.8564361903405355,0.029617590881075996,5,250,79,5,2,1,"{""target_mpg"": 9.36560685911644}"
auto_mpg,prism_z_acp_random_forest,9.370567199815445,7.875709600602444,10.743361831439733,1.1553731649151555,3.0564153495168096,0.1900408214485876,0.8553328339293028,0.018841323499874118,5,250,79,5,2,1,"{""target_mpg"": 9.370567199815445}"
auto_mpg,prism_z_random_forest,9.434521072732322,7.755891799596944,10.794518912776288,1.2064865158694686,3.0664372110388136,0.1983806426066559,0.8542292597939701,0.021329131848437512,5,250,79,5,2,1,"{""target_mpg"": 9.434521072732323}"
auto_mpg,prism_z_acp_lightgbm,9.459292659088627,8.460863982173999,10.848374531395784,0.9709238286332029,3.0723997968730257,0.1567328430132741,0.8540767985157214,0.015295761980140914,5,250,79,5,2,1,"{""target_mpg"": 9.459292659088627}"
auto_mpg,prism_z_lightgbm,9.583838046054462,8.885310516664621,10.985136640478718,0.8448177455703894,3.0934582746327814,0.1339493801797844,0.8514855212832229,0.02020515092796188,5,250,79,5,2,1,"{""target_mpg"": 9.583838046054462}"
auto_mpg,oracle_mlp,9.802899204059646,6.644000877192923,11.163313896368209,1.8329307040624092,3.118523120880127,0.311674406624361,0.8497673392295837,0.023991442327458395,5,250,79,5,2,1,"{""target_mpg"": 9.802899204059646}"
auto_mpg,prism_z_xgboost,9.830884279266638,7.114241949603144,11.21025514537475,1.6132342688266448,3.1261105859830405,0.2699927857170665,0.8490264809494722,0.021211203985930214,5,250,79,5,2,1,"{""target_mpg"": 9.830884279266638}"
auto_mpg,cnn_mlp,9.920233313441642,6.5882051099858066,14.594103043730462,3.2452918481641064,3.117077410630775,0.5050516428754899,0.8484297909942071,0.04330229741103011,5,250,79,5,2,1,"{""target_mpg"": 9.920233313441642}"
auto_mpg,prism_z_acp_xgboost,9.926416282871083,7.367596489777052,12.125111440043352,1.8893425292453354,3.138859962318867,0.304085555030745,0.8474490082806669,0.025781261890662446,5,250,79,5,2,1,"{""target_mpg"": 9.926416282871084}"
auto_mpg,two_stage_mlp,10.43247533838687,8.440829861429847,12.633118474055664,1.9986712519199983,3.2182600021362306,0.3067529483089383,0.838257122039795,0.03615079680967667,5,250,79,5,2,1,"{""target_mpg"": 10.43247533838687}"
auto_mpg,ftt_mlp,10.46367674548419,7.902432934615136,13.133246857704655,2.2104305649249976,3.219976422147205,0.3453776670187885,0.8379903855527019,0.035899974105081785,5,250,79,5,2,1,"{""target_mpg"": 10.46367674548419}"
auto_mpg,prism,10.563687400365165,8.29003416839987,14.186753907132754,2.314769305061662,3.235371494293213,0.3465160427023334,0.837782347202301,0.029959423537776298,5,250,79,5,2,1,"{""target_mpg"": 10.563687400365165}"
auto_mpg,simple_mlp,10.573242624436443,8.881947622582231,11.532940067609672,1.1689796692603442,3.247532844543457,0.1829379951237777,0.837380337715149,0.01248998553133618,5,250,79,5,2,1,"{""target_mpg"": 10.573242624436443}"
combined_cycle_power_plant,random_forest,12.815539512020024,12.205298316068763,13.95958030034432,0.6785520613415552,3.5789002430043055,0.09362533473739809,0.9559435529202747,0.0029471939303727557,5,6123,1914,3,1,1,"{""target_net_hourly_electrical_energy"": 12.815539512020024}"
combined_cycle_power_plant,lightgbm,13.427581210816134,12.859718628796303,14.136712178708592,0.48308176931227437,3.663895045356932,0.06571061011226453,0.9538583030368522,0.001992461108987411,5,6123,1914,3,1,1,"{""target_net_hourly_electrical_energy"": 13.427581210816138}"
combined_cycle_power_plant,xgboost,13.851118842148585,13.24970179544666,14.974861044937395,0.6574721121789908,3.7208899185780853,0.08730017162465188,0.9523845786022337,0.0029584436241555626,5,6123,1914,3,1,1,"{""target_net_hourly_electrical_energy"": 13.851118842148585}"
combined_cycle_power_plant,prism_z_acp_lightgbm,14.633493666041357,14.278364058175683,15.262950446328166,0.37577299064288877,3.8251256204828117,0.04883202800595381,0.94970395146416,0.002135677917899816,5,6123,1914,3,1,1,"{""target_net_hourly_electrical_energy"": 14.633493666041357}"
combined_cycle_power_plant,prism_z_lightgbm,14.662929484670176,14.281622532754561,15.259471022540662,0.38504101883550756,3.8289585755134845,0.05007134499795367,0.9496044369890377,0.0021125061180552233,5,6123,1914,3,1,1,"{""target_net_hourly_electrical_energy"": 14.662929484670176}"
combined_cycle_power_plant,prism_z_acp_random_forest,14.686981477041636,14.300836342747798,15.360254900519738,0.46556269744128126,3.8319778041495427,0.06049365201083168,0.9495165440959428,0.002434877220138724,5,6123,1914,3,1,1,"{""target_net_hourly_electrical_energy"": 14.686981477041636}"
combined_cycle_power_plant,prism_z_random_forest,14.708504386544439,14.34803309181026,15.391310578650009,0.4618980364270313,3.834791937638081,0.0599497870139311,0.9494432912969142,0.0024109194722258492,5,6123,1914,3,1,1,"{""target_net_hourly_electrical_energy"": 14.708504386544439}"
combined_cycle_power_plant,oracle_mlp,14.730287547584066,14.190209663536336,15.764237839590578,0.6866055500901422,3.8371834754943848,0.0888152786468969,0.9493890047073364,0.002487454010276696,5,6123,1914,3,1,1,"{""target_net_hourly_electrical_energy"": 14.730287547584066}"
combined_cycle_power_plant,prism_z_acp_xgboost,15.258200041431348,14.842283311779711,16.05516865856873,0.4668358435986715,3.905814525774415,0.059297256270078307,0.9475552626697608,0.0024368941095175706,5,6123,1914,3,1,1,"{""target_net_hourly_electrical_energy"": 15.258200041431348}"
combined_cycle_power_plant,prism_z_xgboost,15.33756667751058,15.016497990391658,16.20752791316842,0.4948297115126746,3.9159207066395694,0.0625669323808078,0.9472839325443253,0.002476076615219029,5,6123,1914,3,1,1,"{""target_net_hourly_electrical_energy"": 15.33756667751058}"
combined_cycle_power_plant,prism,15.798439814269443,15.096950558127219,16.995241670374753,0.7251988253973355,3.9739028453826903,0.09038798128623003,0.9456995248794555,0.0031275608297787836,5,6123,1914,3,1,1,"{""target_net_hourly_electrical_energy"": 15.798439814269443}"
combined_cycle_power_plant,cnn_mlp,16.48872852735102,15.562950134385394,17.84135286521823,0.8911358336372517,4.059461093486219,0.10899631772844998,0.9433181134405345,0.003792193714589155,5,6123,1914,3,1,1,"{""target_net_hourly_electrical_energy"": 16.48872852735102}"
combined_cycle_power_plant,two_stage_mlp,16.731456710825796,15.983067226494313,17.786584045207064,0.6684887445320508,4.08976469039917,0.08125183067151404,0.9425044298171997,0.0027575615847303912,5,6123,1914,3,1,1,"{""target_net_hourly_electrical_energy"": 16.731456710825796}"
combined_cycle_power_plant,ftt_mlp,16.795857214720048,16.317355207788985,17.57562216647834,0.4711652259034657,4.097956067816648,0.05715418800014784,0.9422790061866075,0.002335832611362966,5,6123,1914,3,1,1,"{""target_net_hourly_electrical_energy"": 16.795857214720048}"
combined_cycle_power_plant,simple_mlp,16.83625397774231,16.3070391894953,17.773152968848308,0.5914362010095707,4.102700424194336,0.07161709867346631,0.9421347379684448,0.0027802012488268584,5,6123,1914,3,1,1,"{""target_net_hourly_electrical_energy"": 16.83625397774231}"
concrete_slump_test,prism,6.518362122412418,4.761899872510696,9.632985768444598,2.0240134046059963,2.5300546646118165,0.382729533235298,0.8959560751914978,0.04619984558165735,5,65,21,7,2,1,"{""target_compressive_strength_28d"": 6.518362122412418}"
concrete_slump_test,simple_mlp,6.641283738458313,3.9941737425415482,11.951650267180014,3.17084045026704,2.52553551197052,0.573317229195709,0.8897666335105896,0.07132165439773379,5,65,21,7,2,1,"{""target_compressive_strength_28d"": 6.641283738458313}"
concrete_slump_test,two_stage_mlp,7.348114536307525,3.710709035157379,14.258244593344216,4.024105977411815,2.640975093841553,0.6831591048358789,0.876653254032135,0.08837404651359303,5,65,21,7,2,1,"{""target_compressive_strength_28d"": 7.348114536307525}"
concrete_slump_test,oracle_mlp,9.153523890673037,3.8681956949797183,21.413624385941375,7.222101357201495,2.867056202888489,1.0802271868406188,0.8427547574043274,0.14892974317415117,5,65,21,7,2,1,"{""target_compressive_strength_28d"": 9.153523890673037}"
concrete_slump_test,prism_z_xgboost,10.502240210702292,7.483476838576088,17.947905303252508,4.321970005995613,3.1937450093939965,0.6146472826683101,0.8313075105027459,0.08288369883096733,5,65,21,7,2,1,"{""target_compressive_strength_28d"": 10.50224021070229}"
concrete_slump_test,prism_z_acp_xgboost,10.89136453887481,7.63078344976499,17.182219312195066,3.763721287645398,3.2648203360339503,0.5388792910916784,0.8252070866816237,0.07577992934053696,5,65,21,7,2,1,"{""target_compressive_strength_28d"": 10.891364538874809}"
concrete_slump_test,prism_z_acp_lightgbm,11.053612110312766,7.899697354339456,16.70390914483666,3.480241000623171,3.2943229708351884,0.5013086301625802,0.8193555523637593,0.08762570732743755,5,65,21,7,2,1,"{""target_compressive_strength_28d"": 11.053612110312768}"
concrete_slump_test,prism_z_lightgbm,11.256466155929921,7.784323801581736,17.13445405726404,3.7014019029545695,3.3210327825479267,0.5329251978137886,0.815572719127875,0.09160933018053456,5,65,21,7,2,1,"{""target_compressive_strength_28d"": 11.256466155929921}"
concrete_slump_test,xgboost,14.36092419436306,7.061151482845099,21.54007118257798,5.665362130098124,3.725587772129086,0.7753385925881808,0.7766020882991004,0.08301786593859649,5,65,21,7,2,1,"{""target_compressive_strength_28d"": 14.36092419436306}"
concrete_slump_test,prism_z_acp_random_forest,15.25150824939395,10.884726721950738,22.784300795726452,5.016844395883338,3.8655909995690494,0.6212029393087962,0.7583664856259872,0.0954170083218239,5,65,21,7,2,1,"{""target_compressive_strength_28d"": 15.25150824939395}"
concrete_slump_test,prism_z_random_forest,15.392229111137237,11.215799238452192,23.507436491543885,5.435055207927527,3.877473603502088,0.6684193718035243,0.7554075547752694,0.10288246958346839,5,65,21,7,2,1,"{""target_compressive_strength_28d"": 15.392229111137237}"
concrete_slump_test,random_forest,17.968367397502146,14.217082512819832,21.697833109532,3.017342430620646,4.226851230633651,0.35723954077224784,0.7172919567551945,0.06803559931548564,5,65,21,7,2,1,"{""target_compressive_strength_28d"": 17.968367397502146}"
concrete_slump_test,lightgbm,20.98116109636816,11.370896404605256,26.04440800460902,5.813514637171077,4.538555471025619,0.6916242954013904,0.6649078084828414,0.12177934032501915,5,65,21,7,2,1,"{""target_compressive_strength_28d"": 20.981161096368158}"
concrete_slump_test,cnn_mlp,22.01253277942288,12.211008870626173,33.15847443000986,8.68448985516872,4.614591991292493,0.9474132765866106,0.6357536609825224,0.19515772063491643,5,65,21,7,2,1,"{""target_compressive_strength_28d"": 22.01253277942288}"
concrete_slump_test,ftt_mlp,22.513508153111964,14.157446510900552,35.25213107374552,8.790061972525098,4.675699238145802,0.9023197794537254,0.6305316299424841,0.20318904971431032,5,65,21,7,2,1,"{""target_compressive_strength_28d"": 22.51350815311196}"
energy_efficiency,prism,0.9835675270898896,0.6497486045648202,1.2079408734990125,0.21776796798255904,0.9864282250404358,0.11471096249631611,0.9889649987220764,0.0021598950435105205,5,491,154,8,1,1,"{""target_cooling_load"": 0.9835675270898896}"
energy_efficiency,xgboost,1.4182958474759952,1.1160987633908714,1.8586579628892888,0.2722088051370973,1.1867376306438169,0.11152154214486208,0.9840681216862996,0.002551505405512892,5,491,154,8,1,1,"{""target_cooling_load"": 1.4182958474759952}"
energy_efficiency,lightgbm,1.4645385884800781,1.0809261788005144,1.8036760444434274,0.29680213058315613,1.2051091047352205,0.12374688967986819,0.9835347990971373,0.003025853850693589,5,491,154,8,1,1,"{""target_cooling_load"": 1.4645385884800781}"
energy_efficiency,oracle_mlp,1.6292672983028695,1.2515249585906076,1.8536417418776097,0.23217820336020328,1.2736500740051269,0.09409295463532381,0.9815826296806336,0.0028578225782314314,5,491,154,8,1,1,"{""target_cooling_load"": 1.6292672983028695}"
energy_efficiency,simple_mlp,1.8255317871771382,1.329980014988962,2.136784248016056,0.31187296433816974,1.346858763694763,0.11991276952305926,0.97947758436203,0.0031063349599324305,5,491,154,8,1,1,"{""target_cooling_load"": 1.8255317871771382}"
energy_efficiency,cnn_mlp,2.0888961412402076,1.925710784142424,2.347458946496882,0.1616910940036056,1.4444564405710665,0.05524640862731038,0.9764695301627941,0.0011645103179948753,5,491,154,8,1,1,"{""target_cooling_load"": 2.088896141240208}"
energy_efficiency,prism_z_acp_lightgbm,2.3190387827096943,1.8496216420397689,2.935120890353678,0.4484831588683683,1.5171566148807467,0.14694637046082779,0.973972337649551,0.004116427033205086,5,491,154,8,1,1,"{""target_cooling_load"": 2.3190387827096943}"
energy_efficiency,prism_z_acp_xgboost,2.3594843719430876,1.8610819091509185,2.836826327825295,0.4471247576208736,1.5305677826822504,0.14511475871800233,0.9734583690312381,0.004583774177946437,5,491,154,8,1,1,"{""target_cooling_load"": 2.3594843719430876}"
energy_efficiency,prism_z_xgboost,2.5298651746862384,2.236206445997104,2.7459632189439174,0.22355876371807348,1.58928861373609,0.07094784118505132,0.9715165276147365,0.0016608578556662236,5,491,154,8,1,1,"{""target_cooling_load"": 2.5298651746862384}"
energy_efficiency,prism_z_lightgbm,2.5964534579511267,1.9938417453273245,2.8764259982663973,0.35041627923939467,1.6081533784442297,0.11344695538850585,0.9707407489238215,0.003739551980224135,5,491,154,8,1,1,"{""target_cooling_load"": 2.5964534579511267}"
energy_efficiency,two_stage_mlp,3.007265901226327,1.3217466020989974,7.775506602945882,2.707467289219737,1.626368474960327,0.6728590908220932,0.9659945607185364,0.031212666269333424,5,491,154,8,1,1,"{""target_cooling_load"": 3.007265901226327}"
energy_efficiency,random_forest,3.1743828752978165,2.373506586979108,3.7138717934058776,0.5880563561635614,1.77524360419302,0.1691634604073542,0.9641717576831944,0.006637124823318112,5,491,154,8,1,1,"{""target_cooling_load"": 3.1743828752978165}"
energy_efficiency,prism_z_acp_random_forest,3.249206636405467,2.6283778056437073,4.052761889728505,0.6089942359046381,1.7963559559051443,0.16700267995447823,0.9634509463019828,0.006115769731471085,5,491,154,8,1,1,"{""target_cooling_load"": 3.249206636405467}"
energy_efficiency,prism_z_random_forest,3.7045841338623084,3.396789750558313,4.364331696065527,0.39691626597791524,1.9226183148738385,0.10076550236806324,0.9582376953427889,0.004067430170334806,5,491,154,8,1,1,"{""target_cooling_load"": 3.7045841338623084}"
energy_efficiency,ftt_mlp,6.608658642517301,5.640320010982624,7.546062934091361,0.7157451264103102,2.567687843304889,0.13981139913106513,0.9255694629396214,0.0065905430131050526,5,491,154,8,1,1,"{""target_cooling_load"": 6.6086586425173}"
household_power_consumption,oracle_mlp,0.0028316630274381276,0.0028163799627380914,0.002848968782938624,1.400894273535499e-05,0.053213242441415745,0.00013160693956504,0.3611975908279419,0.003160344337601493,5,19133,10251,9,3,1,"{""target_global_reactive_power"": 0.0028316630274381276}"
household_power_consumption,prism,0.0030774925840822698,0.0030131852195039444,0.0031195694589497003,4.204753935862375e-05,0.05547411292791362,0.0003797679280687086,0.3057402729988098,0.009485634795440063,5,19133,10251,9,3,1,"{""target_global_reactive_power"": 0.0030774925840822698}"
household_power_consumption,lightgbm,0.0033246822325270617,0.00331551941179778,0.003337459112629322,8.78581946839639e-06,0.05766001726746443,7.616792929186871e-05,0.2499760943057936,0.0019820327813486653,5,19133,10251,9,3,1,"{""target_global_reactive_power"": 0.0033246822325270617}"
household_power_consumption,xgboost,0.003369744670537836,0.0033528329409679555,0.0033911007096192897,1.881945054085209e-05,0.058049320968425376,0.00016204028263353709,0.23981033905787882,0.004245544227741048,5,19133,10251,9,3,1,"{""target_global_reactive_power"": 0.003369744670537836}"
household_power_consumption,random_forest,0.003488136351386697,0.003467629707890106,0.003497431157451186,1.1819782899069324e-05,0.059060378642234325,0.00010016250924279005,0.21310204505338765,0.002666443278078646,5,19133,10251,9,3,1,"{""target_global_reactive_power"": 0.0034881363513866977}"
household_power_consumption,simple_mlp,0.0036158561912947667,0.0031801357143313447,0.0039192947318472116,0.0003747973429838395,0.060065943747758824,0.003150117653722318,0.18428936004638669,0.08455156010831141,5,19133,10251,9,3,1,"{""target_global_reactive_power"": 0.0036158561912947667}"
household_power_consumption,prism_z_acp_xgboost,0.003646312235187542,0.00362720237735705,0.003671988759107865,1.7098205218160687e-05,0.06038456935415112,0.00014150574744875317,0.17741872673652356,0.003857240772640952,5,19133,10251,9,3,1,"{""target_global_reactive_power"": 0.003646312235187542}"
household_power_consumption,prism_z_xgboost,0.0036880604570239174,0.0036794615566316806,0.003700105906023502,8.138778662512763e-06,0.06072937400325638,6.69906385090953e-05,0.1680006343670289,0.00183606715736988,5,19133,10251,9,3,1,"{""target_global_reactive_power"": 0.0036880604570239174}"
household_power_consumption,prism_z_acp_lightgbm,0.003701915233674344,0.0036876288551497298,0.003732939212464793,1.8233596552783175e-05,0.0608432191593223,0.00014964961164503268,0.16487509843900844,0.004113379281174221,5,19133,10251,9,3,1,"{""target_global_reactive_power"": 0.003701915233674344}"
household_power_consumption,prism_z_random_forest,0.00371265139563398,0.0036924776021838275,0.0037310775960936655,1.820389720209866e-05,0.060931383816128934,0.00014942341498530654,0.16245309909687017,0.004106683585934306,5,19133,10251,9,3,1,"{""target_global_reactive_power"": 0.00371265139563398}"
household_power_consumption,prism_z_acp_random_forest,0.0037164815049537774,0.003694308511763399,0.003733314528777712,1.474339193679115e-05,0.06096285587708424,0.00012097656604411032,0.16158905463598713,0.00332599641995216,5,19133,10251,9,3,1,"{""target_global_reactive_power"": 0.0037164815049537774}"
household_power_consumption,prism_z_lightgbm,0.003729671552654588,0.003710565296338475,0.003765503728925004,2.194363618697003e-05,0.06107082604041686,0.0001794414797488083,0.15861347667667108,0.004950325343875791,5,19133,10251,9,3,1,"{""target_global_reactive_power"": 0.003729671552654588}"
household_power_consumption,cnn_mlp,0.0037383698201792896,0.003301751222317753,0.003893618318189477,0.0002458424123108238,0.0611145451304954,0.0020561473901225067,0.1566512119733439,0.0554602328143913,5,19133,10251,9,3,1,"{""target_global_reactive_power"": 0.0037383698201792896}"
household_power_consumption,two_stage_mlp,0.0037411681471561735,0.0032532762695820644,0.00398870684717384,0.0002869451473705318,0.061127527803182556,0.002396218851469858,0.15601994991302487,0.06473269668701878,5,19133,10251,9,3,1,"{""target_global_reactive_power"": 0.0037411681471561735}"
household_power_consumption,ftt_mlp,0.003920541834765391,0.0038276924655000545,0.003976831931790171,7.25819736937481e-05,0.06261207593783333,0.000580712407716997,0.11555454240535215,0.0163739461419556,5,19133,10251,9,3,1,"{""target_global_reactive_power"": 0.003920541834765391}"
hydraulic_systems,oracle_mlp,4.322384827231398,3.0643255443742845,5.54061892816392,1.1759826399033655,1.7691632747650146,0.24706370596366997,0.9820406317710877,0.00451812640469251,5,1411,441,23,44,4,"{""target_cooler_condition"": 6.946122377594452, ""target_hydraulic_accumulator"": 7.033668620676383, ""target_internal_pump_leakage"": 0.008224131083824937, ""target_valve_condition"": 3.3015241795709303}"
hydraulic_systems,prism,6.920078758895462,3.8171562213852974,8.8372680705555,2.1832252466996525,2.0963537216186525,0.3347708683510281,0.9812351703643799,0.0012631884213659195,5,1411,441,23,44,4,"{""target_cooler_condition"": 14.60722724095723, ""target_hydraulic_accumulator"": 11.4033034543417, ""target_internal_pump_leakage"": 0.0063358770255335095, ""target_valve_condition"": 1.6634484632573874}"
hydraulic_systems,xgboost,7.086776884915784,4.3260292818564094,9.627464869525406,2.2362833707023904,2.0879399746843754,0.3751337232689172,0.9769237774228404,0.0016138650475836587,5,1411,441,23,44,4,"{""target_cooler_condition"": 10.889334510812585, ""target_hydraulic_accumulator"": 15.864136062459849, ""target_internal_pump_leakage"": 0.00866346940464314, ""target_valve_condition"": 1.5849734969860565}"
hydraulic_systems,lightgbm,7.6044403930046105,5.228445655855601,10.180356637945158,2.0212786053337486,2.18668636912622,0.24811034582209662,0.9788980171960253,0.0015827584102630153,5,1411,441,23,44,4,"{""target_cooler_condition"": 15.185564411351999, ""target_hydraulic_accumulator"": 13.91352406788871, ""target_internal_pump_leakage"": 0.008304094924499034, ""target_valve_condition"": 1.3103689978532316}"
hydraulic_systems,two_stage_mlp,7.63718665705832,5.181266101942468,9.874206559559385,1.931366903875338,2.1987763404846192,0.2836571972385414,0.9777345180511474,0.0027517054157176653,5,1411,441,23,44,4,"{""target_cooler_condition"": 13.955050493484043, ""target_hydraulic_accumulator"": 14.893664840981376, ""target_internal_pump_leakage"": 0.0070759519527682, ""target_valve_condition"": 1.6929553418150902}"
hydraulic_systems,prism_z_acp_xgboost,8.387123955108725,4.82780711422413,11.20434913862075,2.956965162318155,2.282960632185812,0.5184465957502851,0.9711748201494105,0.0037128588152530767,5,1411,441,23,44,4,"{""target_cooler_condition"": 11.985410599991202, ""target_hydraulic_accumulator"": 18.884714588578987, ""target_internal_pump_leakage"": 0.00953148732664404, ""target_valve_condition"": 2.6688391445380715}"
hydraulic_systems,simple_mlp,8.532498212225494,5.916548929700463,11.489011730612747,2.4298867810032934,2.3259887218475344,0.31142379712666557,0.9759294867515564,0.0017157594805551034,5,1411,441,23,44,4,"{""target_cooler_condition"": 16.967141017155722, ""target_hydraulic_accumulator"": 15.405418344177383, ""target_internal_pump_leakage"": 0.009117624777310606, ""target_valve_condition"": 1.7483158627915572}"
hydraulic_systems,random_forest,9.016363576331461,6.525733312494905,12.486024668356055,2.1994055135258344,2.452596961770511,0.25190689557574747,0.9743068753185161,0.0017742600265823057,5,1411,441,23,44,4,"{""target_cooler_condition"": 19.447894749225878, ""target_hydraulic_accumulator"": 13.912527239557784, ""target_internal_pump_leakage"": 0.010710430710358168, ""target_valve_condition"": 2.6943218858318203}"
hydraulic_systems,prism_z_lightgbm,9.172733989326332,5.42011280415689,14.645499541409071,3.775238774016071,2.4051637920440916,0.5131513992660446,0.9706871037837832,0.0038556432787629426,5,1411,441,23,44,4,"{""target_cooler_condition"": 15.291548087025259, ""target_hydraulic_accumulator"": 18.74299640788609, ""target_internal_pump_leakage"": 0.010002895284115536, ""target_valve_condition"": 2.646388567109868}"
hydraulic_systems,prism_z_acp_lightgbm,9.264759074720178,7.094687371943544,13.525216926222708,2.628282097125993,2.4746077171631233,0.2990571782863798,0.9713584433934471,0.00382756814332256,5,1411,441,23,44,4,"{""target_cooler_condition"": 15.944160310703316, ""target_hydraulic_accumulator"": 18.46393856921164, ""target_internal_pump_leakage"": 0.008684909964276448, ""target_valve_condition"": 2.6422525090014846}"
hydraulic_systems,prism_z_xgboost,9.35752554694727,5.599504251508482,14.915724608785412,3.8905990857305697,2.4108978353612383,0.5494235976245617,0.9697091162590696,0.0036307319829150383,5,1411,441,23,44,4,"{""target_cooler_condition"": 14.691058556016477, ""target_hydraulic_accumulator"": 19.926847822227867, ""target_internal_pump_leakage"": 0.009033826799712466, ""target_valve_condition"": 2.8031619827450327}"
hydraulic_systems,prism_z_acp_random_forest,9.711246784832628,5.832831097076364,12.532534447841424,3.138598303917469,2.526311902912475,0.4884856733349564,0.9627288831379713,0.004557325781195874,5,1411,441,23,44,4,"{""target_cooler_condition"": 13.149579301349785, ""target_hydraulic_accumulator"": 21.384546126532722, ""target_internal_pump_leakage"": 0.015581516543617344, ""target_valve_condition"": 4.295280194904388}"
hydraulic_systems,prism_z_random_forest,10.836876979932091,6.4872521370801035,14.490366985485299,3.0319332672073744,2.7060190288951746,0.39501440272842797,0.962594733344013,0.004417027418203955,5,1411,441,23,44,4,"{""target_cooler_condition"": 17.18177699358955, ""target_hydraulic_accumulator"": 21.946280136024164, ""target_internal_pump_leakage"": 0.013561617284080512, ""target_valve_condition"": 4.205889172830569}"
hydraulic_systems,ftt_mlp,14.329329832124875,11.494672870619643,17.64617364845444,2.3447119076994203,3.2890821409743793,0.27178650036226737,0.9293899369825509,0.008738228688107377,5,1411,441,23,44,4,"{""target_cooler_condition"": 18.96362494694714, ""target_hydraulic_accumulator"": 23.292678590469503, ""target_internal_pump_leakage"": 0.034791196468506466, ""target_valve_condition"": 15.026224594614359}"
hydraulic_systems,cnn_mlp,15.325509546896152,11.883913184349854,19.540725803405493,2.7303818591754605,3.357745502709439,0.2957915220847605,0.9355391019736585,0.0072362170498881835,5,1411,441,23,44,4,"{""target_cooler_condition"": 21.75777486707807, ""target_hydraulic_accumulator"": 27.41886894937345, ""target_internal_pump_leakage"": 0.023579027242049216, ""target_valve_condition"": 12.101815343891037}"
parkinsons_telemonitoring,oracle_mlp,40.95289038716978,22.72227698444135,54.545961742486725,13.53758797421053,6.324038028717041,1.0951217960291357,0.6961965084075927,0.11616978561284143,5,3667,1248,19,1,1,"{""target_total_updrs"": 40.95289038716978}"
parkinsons_telemonitoring,cnn_mlp,144.72704524553194,112.17748812589473,209.89694482403098,37.65246624851699,11.957393704333569,1.4780819687587952,-0.03970867827627408,0.07054279395405173,5,3667,1248,19,1,1,"{""target_total_updrs"": 144.72704524553197}"
parkinsons_telemonitoring,ftt_mlp,170.9681812593257,125.8440758439274,231.05579599522628,47.52268237743348,12.976491709451498,1.7954261937845983,-0.24368111659636038,0.29796096066653194,5,3667,1248,19,1,1,"{""target_total_updrs"": 170.9681812593257}"
parkinsons_telemonitoring,xgboost,171.01102251202616,92.50210925627817,259.3346455111323,65.58349066114359,12.876305606495578,2.5523950615443374,-0.22628859050419808,0.35804762137563106,5,3667,1248,19,1,1,"{""target_total_updrs"": 171.01102251202616}"
parkinsons_telemonitoring,lightgbm,172.0144644971975,117.42016042917926,267.657339499905,61.59475234416278,12.956025446862048,2.2792183740979572,-0.22608700480803962,0.2615134272634606,5,3667,1248,19,1,1,"{""target_total_updrs"": 172.0144644971975}"
parkinsons_telemonitoring,prism,175.65808129344313,113.72652080233911,229.0866787739733,44.19844742634128,13.164886283874512,1.7116696622362215,-0.27272233963012693,0.24785903027428224,5,3667,1248,19,1,1,"{""target_total_updrs"": 175.65808129344313}"
parkinsons_telemonitoring,prism_z_random_forest,183.99471390064454,122.79761586179681,261.1138492321827,52.665089515742444,13.454217252703213,1.9296217303229735,-0.3208294833348153,0.21466278418089518,5,3667,1248,19,1,1,"{""target_total_updrs"": 183.99471390064454}"
parkinsons_telemonitoring,prism_z_xgboost,188.72985298898024,134.02626867694568,265.92699173045764,50.03707084873656,13.644680915145287,1.786244563620218,-0.35644665888236016,0.16412655963073183,5,3667,1248,19,1,1,"{""target_total_updrs"": 188.72985298898024}"
parkinsons_telemonitoring,random_forest,193.3826494358299,123.32638135815112,322.6715850560966,82.19589336741497,13.67168302651917,2.843354677624982,-0.3681773287515723,0.3689605046348112,5,3667,1248,19,1,1,"{""target_total_updrs"": 193.38264943582988}"
parkinsons_telemonitoring,prism_z_acp_random_forest,193.68830034085937,122.56236955600936,270.3452755064978,55.48234518120623,13.799615526967022,2.0183259303040026,-0.3892299065146897,0.23160032897564534,5,3667,1248,19,1,1,"{""target_total_updrs"": 193.68830034085937}"
parkinsons_telemonitoring,prism_z_lightgbm,195.68303219375974,136.67579712349422,278.8048464274622,54.088897693026816,13.885411966018165,1.8968285135059264,-0.40541236072813314,0.19450853009628766,5,3667,1248,19,1,1,"{""target_total_updrs"": 195.68303219375974}"
parkinsons_telemonitoring,prism_z_acp_xgboost,196.5638702772274,133.9838940716669,272.2433726573014,51.75191427236144,13.923327565492269,1.83875629884392,-0.4123721540709283,0.17735790416138747,5,3667,1248,19,1,1,"{""target_total_updrs"": 196.5638702772274}"
parkinsons_telemonitoring,simple_mlp,200.72559612575787,154.0716335713514,266.1445154313733,46.55450769875841,14.092026138305664,1.6356938294909549,-0.45552845001220704,0.21695076152776388,5,3667,1248,19,1,1,"{""target_total_updrs"": 200.72559612575787}"
parkinsons_telemonitoring,prism_z_acp_lightgbm,202.66384691292723,134.85908952230906,279.1259658217432,54.515172666541545,14.131461757426298,1.925368637211218,-0.4567858331569036,0.21508463653371987,5,3667,1248,19,1,1,"{""target_total_updrs"": 202.66384691292723}"
parkinsons_telemonitoring,two_stage_mlp,232.32021769123838,122.11369593534619,352.66406860508505,93.71849228538527,14.983603858947754,3.1248666150262263,-0.6859910964965821,0.7027492382495262,5,3667,1248,19,1,1,"{""target_total_updrs"": 232.32021769123838}"
real_estate_valuation,oracle_mlp,72.59912858653279,42.90976131643765,99.16469264851548,25.440884814903153,8.412760353088379,1.5102118344942055,0.6166056990623474,0.07147082950056838,5,264,83,2,4,1,"{""target_house_price_unit_area"": 72.59912858653279}"
real_estate_valuation,lightgbm,163.10633929790467,133.21883971564017,211.6760580911063,30.85668144480382,12.727670565232794,1.1793755131484829,0.1054332287470174,0.16919746268261646,5,264,83,2,4,1,"{""target_house_price_unit_area"": 163.1063392979047}"
real_estate_valuation,random_forest,163.20963681442117,131.7177985998352,215.37270545827295,31.480072244633412,12.730763915386259,1.192312325441795,0.09823191661121763,0.20921901708128002,5,264,83,2,4,1,"{""target_house_price_unit_area"": 163.20963681442117}"
real_estate_valuation,ftt_mlp,169.09957684903645,125.38795190656644,220.57603372846785,41.80243244716843,12.925570270119767,1.592643259346097,0.08928150132107912,0.1179866677076381,5,264,83,2,4,1,"{""target_house_price_unit_area"": 169.09957684903645}"
real_estate_valuation,cnn_mlp,170.0200873607408,132.23994169646417,204.3402820515689,29.175611803827536,12.99971411444992,1.133313892591273,0.07705374208984218,0.08193777632053852,5,264,83,2,4,1,"{""target_house_price_unit_area"": 170.0200873607408}"
real_estate_valuation,simple_mlp,171.68468128577805,139.1148052995859,213.06247323977823,29.38003928482931,13.064856719970702,1.114787071829426,0.06722110509872434,0.08441652058629925,5,264,83,2,4,1,"{""target_house_price_unit_area"": 171.68468128577805}"
real_estate_valuation,two_stage_mlp,173.73563667329216,151.8334120856971,213.57215513854408,24.964557613393094,13.154909896850587,0.9246501223670229,0.048752355575561526,0.127850137786695,5,264,83,2,4,1,"{""target_house_price_unit_area"": 173.73563667329216}"
real_estate_valuation,xgboost,178.1210400612826,163.34894525885895,224.5347098320045,26.093374583060324,13.319877071116002,0.93669290034193,0.01952900216672252,0.17024193875007643,5,264,83,2,4,1,"{""target_house_price_unit_area"": 178.1210400612826}"
real_estate_valuation,prism,179.89034130521358,143.53780128731523,234.51199875388647,34.20272316742509,13.365990829467773,1.2453064139986638,0.02154124975204466,0.12402205762861399,5,264,83,2,4,1,"{""target_house_price_unit_area"": 179.89034130521358}"
real_estate_valuation,prism_z_xgboost,188.3275683342645,163.4460757344772,215.0230512952023,23.917083297179893,13.700902494172968,0.8752422374902141,-0.04744004148255822,0.25685558524264873,5,264,83,2,4,1,"{""target_house_price_unit_area"": 188.3275683342645}"
real_estate_valuation,prism_z_acp_xgboost,189.09049535226788,164.7729428893611,214.08956785881628,23.425474329913627,13.72993344652102,0.8510456115650692,-0.05437481921261696,0.27244246691277374,5,264,83,2,4,1,"{""target_house_price_unit_area"": 189.09049535226788}"
real_estate_valuation,prism_z_random_forest,193.3340184246178,169.2200778200261,214.3925136259235,18.623596395540794,13.89148927584282,0.6713271592167793,-0.08351761186007534,0.2890326616530731,5,264,83,2,4,1,"{""target_house_price_unit_area"": 193.3340184246178}"
real_estate_valuation,prism_z_acp_random_forest,193.35903712488803,170.57787230405174,211.59400482922294,16.810584904667074,13.89474338747579,0.6073953830556694,-0.08240129705731611,0.2783157091014801,5,264,83,2,4,1,"{""target_house_price_unit_area"": 193.35903712488803}"
real_estate_valuation,prism_z_lightgbm,197.31304705064565,168.41641869824866,233.32461989295828,27.134972152699753,14.020297325049793,0.9645659437327411,-0.09316127442853843,0.2481734687042464,5,264,83,2,4,1,"{""target_house_price_unit_area"": 197.31304705064565}"
real_estate_valuation,prism_z_acp_lightgbm,200.09424583166975,175.0671231561762,238.66225542806055,25.464366346079927,14.123232238074532,0.8863950735154201,-0.11255897481556598,0.2606731722009469,5,264,83,2,4,1,"{""target_house_price_unit_area"": 200.09424583166975}"
student_performance,oracle_mlp,3.3688949592612345,2.5753937079053344,4.217685526346941,0.6826584304246323,1.8277698516845704,0.1875910729958866,0.7783867359161377,0.03372106908258284,5,668,209,58,2,1,"{""target_final_grade"": 3.3688949592612345}"
student_performance,xgboost,9.958146048571136,8.86649138341674,12.435380226751647,1.4329511488986373,3.149561583844586,0.21911149599439583,0.3420464093005636,0.07857192309539135,5,668,209,58,2,1,"{""target_final_grade"": 9.958146048571137}"
student_performance,lightgbm,10.290572756663632,8.90067017315066,12.915950518631309,1.713513368675287,3.1993919911340134,0.26092059072437745,0.3160513003040753,0.13403096539046175,5,668,209,58,2,1,"{""target_final_grade"": 10.29057275666363}"
student_performance,random_forest,10.932813310487559,9.161681343021051,14.41010695822368,2.1482430304417663,3.2944998590747177,0.31441212811417163,0.27596034313827367,0.14130856648162668,5,668,209,58,2,1,"{""target_final_grade"": 10.932813310487557}"
student_performance,two_stage_mlp,11.20917711342687,9.506613151469537,16.43868881931212,2.950549035248896,3.327757406234741,0.41110789136900733,0.2659781813621521,0.13258530356761106,5,668,209,58,2,1,"{""target_final_grade"": 11.20917711342687}"
student_performance,prism,11.223394003563431,9.397604656289559,15.883540179067722,2.6692615265594886,3.3332139015197755,0.3759639116304041,0.26224074363708494,0.13131760053518693,5,668,209,58,2,1,"{""target_final_grade"": 11.223394003563431}"
student_performance,simple_mlp,11.282788308513034,9.319501588910498,15.461733359758512,2.399158014999617,3.3452478885650634,0.3393097268057948,0.2585990190505981,0.10837173919332634,5,668,209,58,2,1,"{""target_final_grade"": 11.282788308513034}"
student_performance,prism_z_random_forest,11.344925897670162,9.232206497530164,15.665306798640279,2.613391346759092,3.35174118674007,0.37208351680171925,0.2573517950431038,0.10450959962448458,5,668,209,58,2,1,"{""target_final_grade"": 11.344925897670162}"
student_performance,prism_z_xgboost,11.440993997965974,9.131491976029356,17.463939199741443,3.464209261348394,3.355362560524623,0.47767154692793035,0.2534215750264278,0.15647457464449538,5,668,209,58,2,1,"{""target_final_grade"": 11.440993997965974}"
student_performance,prism_z_lightgbm,11.50398979451016,9.138975214812742,16.77572800001791,3.0914200893246977,3.369801024190628,0.43074187727970104,0.24773904055313506,0.13654388952408342,5,668,209,58,2,1,"{""target_final_grade"": 11.503989794510158}"
student_performance,prism_z_acp_xgboost,11.869205352633163,9.296948326659654,17.891931669268654,3.482413500737612,3.4190007583148514,0.4738659716571141,0.22073436390259507,0.1817805023136421,5,668,209,58,2,1,"{""target_final_grade"": 11.869205352633163}"
student_performance,prism_z_acp_random_forest,11.90739746111419,9.559577055393632,17.809769272985257,3.3691014526688714,3.4265127989100117,0.4560804479750101,0.2190426929827407,0.16754878193117467,5,668,209,58,2,1,"{""target_final_grade"": 11.90739746111419}"
student_performance,prism_z_acp_lightgbm,12.05696277667283,9.295297875003271,18.44483609357529,3.6841854963802407,3.4438685589435125,0.4958983330698539,0.20906923462595053,0.19120864860842895,5,668,209,58,2,1,"{""target_final_grade"": 12.05696277667283}"
student_performance,cnn_mlp,13.682744934448857,11.913087436076664,18.057050926082795,2.489353977916321,3.687879387913572,0.3207229229628648,0.09992174211016702,0.1045605752266315,5,668,209,58,2,1,"{""target_final_grade"": 13.682744934448857}"
student_performance,ftt_mlp,13.75479255257926,11.666569542299728,19.30237920533671,3.2162153523432515,3.690510498948201,0.41067750384632407,0.09942010307376274,0.12977586030713004,5,668,209,58,2,1,"{""target_final_grade"": 13.75479255257926}"
superconductivity,random_forest,94.33723990952464,85.72300424633139,109.45398968553852,9.289149325730538,9.703646694075108,0.46968173544683495,0.9196066960674395,0.008122256780771516,5,13608,4253,77,81,1,"{""target_critical_temperature"": 94.33723990952464}"
superconductivity,prism_z_lightgbm,95.42254869165836,89.15098631379534,105.42228397616674,6.563508332256321,9.76389627251407,0.3333134246549639,0.9186871033670894,0.005818419780411772,5,13608,4253,77,81,1,"{""target_critical_temperature"": 95.42254869165836}"
superconductivity,prism_z_acp_lightgbm,95.45805087388119,89.76682129852414,105.40432000497155,6.332148791316982,9.766045588003246,0.3209447906640534,0.9186602324181251,0.005573371032543551,5,13608,4253,77,81,1,"{""target_critical_temperature"": 95.4580508738812}"
superconductivity,prism_z_random_forest,95.64400753589759,88.53734451249527,107.79619532494912,7.248293001822191,9.774334378672284,0.3646830641163816,0.9184972983810658,0.00638906712411041,5,13608,4253,77,81,1,"{""target_critical_temperature"": 95.64400753589759}"
superconductivity,prism_z_acp_random_forest,95.67556637746169,88.24999270341188,107.92071659881262,7.334336211253766,9.775814647455558,0.36914488357397107,0.9184706963498653,0.006453565863578562,5,13608,4253,77,81,1,"{""target_critical_temperature"": 95.67556637746168}"
superconductivity,oracle_mlp,100.28235394453623,83.79795604637275,110.59762466326356,10.42937216541883,10.002825164794922,0.5313222504771351,0.9145642638206481,0.008874702937070801,5,13608,4253,77,81,1,"{""target_critical_temperature"": 100.28235394453623}"
superconductivity,prism_z_acp_xgboost,101.62540302040014,93.14494137112506,112.23340800349429,7.255562157099802,10.075850158009073,0.3582014338131789,0.9133978659384262,0.006459790764031373,5,13608,4253,77,81,1,"{""target_critical_temperature"": 101.62540302040014}"
superconductivity,prism_z_xgboost,101.79249805941247,93.21862149379828,112.57064727965167,7.459623960558717,10.083854525625561,0.36806243599654004,0.9132556223110807,0.006624773347573926,5,13608,4253,77,81,1,"{""target_critical_temperature"": 101.79249805941248}"
superconductivity,simple_mlp,104.55192595740573,97.76670718574678,114.99407125413654,6.409279990676969,10.221301460266114,0.3100855038685882,0.9109205961227417,0.005501098554011483,5,13608,4253,77,81,1,"{""target_critical_temperature"": 104.55192595740573}"
superconductivity,two_stage_mlp,105.44066344366911,92.3762350879988,118.56018455722369,9.64709128806004,10.259806060791016,0.47042937650758515,0.9101635575294494,0.008263166964925616,5,13608,4253,77,81,1,"{""target_critical_temperature"": 105.44066344366911}"
superconductivity,prism,110.77790729707576,91.03611107697725,154.72068138333634,25.587181997891374,10.474294853210449,1.1549105079425281,0.9055457830429077,0.022223050580801443,5,13608,4253,77,81,1,"{""target_critical_temperature"": 110.77790729707576}"
superconductivity,lightgbm,111.43622018248588,104.87141925072358,121.32372305985761,6.158928689440023,10.55316738534652,0.28913301295511284,0.9050530421271414,0.005341492799068423,5,13608,4253,77,81,1,"{""target_critical_temperature"": 111.43622018248588}"
superconductivity,ftt_mlp,115.3266215904652,97.8334208076616,131.57357477405426,12.833881772595529,10.725573856522706,0.6007152390503575,0.9017421903488542,0.010971340236897154,5,13608,4253,77,81,1,"{""target_critical_temperature"": 115.3266215904652}"
superconductivity,cnn_mlp,133.79142937982414,116.00432729815473,139.59294615974383,10.012116970106518,11.560000967106552,0.4441382390649197,0.8860203193288644,0.00841072161013373,5,13608,4253,77,81,1,"{""target_critical_temperature"": 133.79142937982414}"
superconductivity,xgboost,138.0542027287397,129.57616180219517,146.0549650890826,6.126317276699994,11.747325767784325,0.26110350986282727,0.8823793265911348,0.005227495136909289,5,13608,4253,77,81,1,"{""target_critical_temperature"": 138.05420272873974}"
wine_quality,prism_z_acp_random_forest,0.44071720962182404,0.4180888114770611,0.4723109841630349,0.021885761201147307,0.6637030204747657,0.01641303729115897,0.4247837139433496,0.026823451715277224,5,4157,1300,10,3,1,"{""target_quality"": 0.44071720962182404}"
wine_quality,prism_z_random_forest,0.4417646166321513,0.41850444234313416,0.4674736164929407,0.020409416134767235,0.664512449757827,0.015322399820309016,0.4235457212977586,0.020890980298142573,5,4157,1300,10,3,1,"{""target_quality"": 0.44176461663215116}"
wine_quality,random_forest,0.4453722538188469,0.4259731928395278,0.47571751430698306,0.021087665467837906,0.6672140280361006,0.015719995653961195,0.41877299858140116,0.023892536211929643,5,4157,1300,10,3,1,"{""target_quality"": 0.4453722538188469}"
wine_quality,prism_z_acp_lightgbm,0.4567302774431692,0.42666762957598026,0.48651994154596034,0.02437536273230185,0.6756252538238675,0.018055256803903512,0.40389485679137727,0.029789365456615063,5,4157,1300,10,3,1,"{""target_quality"": 0.4567302774431692}"
wine_quality,prism_z_lightgbm,0.45932172329527743,0.43426443812242427,0.49896831200698927,0.027587962819073535,0.6774911078012011,0.0202337016379449,0.40058798418561636,0.032602173609673164,5,4157,1300,10,3,1,"{""target_quality"": 0.45932172329527743}"
wine_quality,lightgbm,0.4768139800327784,0.45285804058712553,0.5078102826090265,0.021143098385025434,0.6903825303468933,0.015245565937319424,0.37752463464533953,0.02957150652813143,5,4157,1300,10,3,1,"{""target_quality"": 0.4768139800327784}"
wine_quality,oracle_mlp,0.48142761336241263,0.4573894150955802,0.5119950062763223,0.021102147702378435,0.6937175393104553,0.015148804220940896,0.37181419134140015,0.019731585175252926,5,4157,1300,10,3,1,"{""target_quality"": 0.48142761336241263}"
wine_quality,prism_z_acp_xgboost,0.48302490195674136,0.4674024354466078,0.5147139955367984,0.01986263046986584,0.6948842152124964,0.014178743123700209,0.3695090250436606,0.02543730934232537,5,4157,1300,10,3,1,"{""target_quality"": 0.48302490195674147}"
wine_quality,prism_z_xgboost,0.4859412238732763,0.4665520098834274,0.5234770000653293,0.02365035938767783,0.69693252096383,0.016818334351122368,0.365765293095244,0.02877166284759022,5,4157,1300,10,3,1,"{""target_quality"": 0.4859412238732762}"
wine_quality,xgboost,0.5046848742630636,0.47786135535176966,0.5429132780899336,0.02673506964594292,0.7102141988164082,0.018730525307333747,0.34132332325793785,0.03229319950739337,5,4157,1300,10,3,1,"{""target_quality"": 0.5046848742630636}"
wine_quality,prism,0.5388648641243889,0.5106496201813435,0.5676074704591407,0.02226593077879878,0.7339487791061401,0.01516796678016284,0.2968340635299683,0.021310949003409237,5,4157,1300,10,3,1,"{""target_quality"": 0.5388648641243889}"
wine_quality,two_stage_mlp,0.5454370283261263,0.5142902342140729,0.5733182658534588,0.02247682936754168,0.7384111046791076,0.015250770993057166,0.2882919192314148,0.02012302982425257,5,4157,1300,10,3,1,"{""target_quality"": 0.5454370283261263}"
wine_quality,simple_mlp,0.5502969530573623,0.5217252877264968,0.581207456895072,0.026970311435220277,0.7416425704956054,0.01814010357030563,0.28178391456604,0.03231723099221876,5,4157,1300,10,3,1,"{""target_quality"": 0.5502969530573623}"
wine_quality,cnn_mlp,0.57168124787948,0.5230605182207468,0.6167929500534407,0.03693694136026305,0.7557794242291553,0.02446195493328529,0.25366175854759504,0.04986059331489735,5,4157,1300,10,3,1,"{""target_quality"": 0.57168124787948}"
wine_quality,ftt_mlp,0.5859732479800485,0.5629012257270277,0.6122261999705335,0.018336551613663578,0.7654141525037274,0.011959469420153879,0.23524046027797532,0.018402920381190315,5,4157,1300,10,3,1,"{""target_quality"": 0.5859732479800485}"
