dataset,model,mean_rmse,min_rmse,max_rmse,std_rmse,mean_mae,min_mae,max_mae,std_mae,mean_r2,min_r2,max_r2,std_r2,n_seeds,n_train,n_test,n_features,n_intermediates,n_targets
air_quality,oracle_mlp,32.554849243164064,31.65125274658203,33.52745819091797,0.7557364226499225,22.970148468017577,22.50019836425781,23.483930587768555,0.4359120561024725,0.7741681694984436,0.7592086791992188,0.7935217618942261,0.013091168634559815,5,3700,2315,7,5,4
air_quality,prism_z_random_forest,67.5792116925492,66.79919946762709,68.8249399045543,0.8243467316548819,50.871647006953495,50.08344400386985,51.80650439266381,0.8472953776901054,0.07177922560641285,0.0460694800831273,0.0959706215365333,0.02107498091002897,5,3700,2315,7,5,4
air_quality,random_forest,68.35608163217893,67.42626213825844,68.8465419578734,0.550600596172625,51.29276238634765,50.63433235723412,51.74600044348155,0.4286859674868321,-0.012703232684082738,-0.0905729435339534,0.046743166584461,0.05175717567198629,5,3700,2315,7,5,4
air_quality,xgboost,70.75933177441816,69.89465727346531,71.50684692428142,0.6209987293578738,54.98939205022579,54.039588537406445,55.90017892030546,0.7357636334182879,-0.00871265379563084,-0.0463701113398649,0.0442305862669585,0.035010433055424374,5,3700,2315,7,5,4
air_quality,lightgbm,72.84960276169392,71.7878009511128,75.40313357921818,1.4751244988438459,56.262061959516565,55.54167617935149,58.163749382079054,1.0863402980815313,-0.010408139217830303,-0.0518754633549814,0.0389027535420717,0.03584801594055358,5,3700,2315,7,5,4
air_quality,prism_z_xgboost,73.50377578314175,72.19977239465123,74.94683763319361,0.9845558749437634,55.22034703054538,54.441557762157416,56.34463526180039,0.9215745829818925,0.01821583488925934,-0.0318842461790109,0.0754017262527523,0.040625715426793205,5,3700,2315,7,5,4
air_quality,prism_z_acp_random_forest,73.89729264546685,69.55521618360396,76.6692432154265,2.709069027576775,54.99655833604172,52.0087404255887,56.55148425521531,1.8309632896477583,-0.11425714741215323,-0.213414942641448,0.0161456510719986,0.0831141712187795,5,3700,2315,7,5,4
air_quality,prism_z_lightgbm,75.57027022689957,74.56843304594604,76.69393561926981,1.0441042673065823,56.94159616220695,55.86700339346595,57.88273405977422,0.8740253571582027,-0.042270608174402376,-0.0878087808724596,0.00674808914925,0.035432229753238134,5,3700,2315,7,5,4
air_quality,ftt_mlp,77.48501069533143,74.63640506094718,79.72442771703258,1.9271255660072109,56.632014737148815,54.362863832235846,58.98953948627886,1.7868503797304711,-0.10022911527720986,-0.1479922032476452,-0.0606864952302066,0.039463073038451285,5,3700,2315,7,5,4
air_quality,prism_z_acp_lightgbm,78.13120419101335,73.62916843599206,81.8468435758473,3.0463544756221226,58.29758945322226,55.187045373134026,60.36370933738744,1.90186563523696,-0.15474784137479908,-0.2313550408279456,-0.0432698951466462,0.07654495734524014,5,3700,2315,7,5,4
air_quality,prism_z_acp_xgboost,78.45442823448673,72.18529141900675,82.8979557070031,4.010683996502265,58.02640991850931,54.09697695225694,60.40337474019401,2.377815701213905,-0.15220704238094607,-0.2416334623655665,-0.0066775473608372,0.0954330846112859,5,3700,2315,7,5,4
air_quality,two_stage_mlp,79.34845733642578,78.31649780273438,80.4726333618164,1.0712648663677837,59.243010711669925,58.45877456665039,59.99134826660156,0.6765482996063752,-0.1386249810457229,-0.183509349822998,-0.1123596727848053,0.03268473798136192,5,3700,2315,7,5,4
air_quality,simple_mlp,79.62671966552735,78.13444519042969,81.78057098388672,1.4519427846144628,59.223820495605466,58.330833435058594,61.09992218017578,1.1497539750232517,-0.16849864721298213,-0.2398309707641601,-0.1188264340162277,0.04996315716162436,5,3700,2315,7,5,4
air_quality,prism,81.19438323974609,79.10664367675781,82.91947937011719,1.4900794985236363,60.62688674926758,58.62885665893555,62.48267364501953,1.3901171578120188,-0.19504769742488856,-0.206542506814003,-0.1881211251020431,0.007730132102858223,5,3700,2315,7,5,4
air_quality,cnn_mlp,87.66327932742342,83.27797120816318,93.48865712808424,4.218948559575729,66.03242648334547,62.8238397840606,69.70188200224187,3.009912752517236,-0.36859686009316855,-0.6090287141159726,-0.2191374221458233,0.15987321367165938,5,3700,2315,7,5,4
airfoil_self_noise,prism,1.5134297609329224,1.3536278009414673,1.6140167713165283,0.09638838475970588,1.0862806558609008,0.9996508359909058,1.1632866859436035,0.06134740804455734,0.9504323124885559,0.9435659646987916,0.9618629813194276,0.006938072539103891,5,961,301,4,1,1
airfoil_self_noise,cnn_mlp,1.639425841717341,1.469591353214862,1.769931269747797,0.12969619053098946,1.195561750303019,1.1152111197603056,1.2840881176342125,0.06619317054713286,0.9420454912252361,0.9350567521679252,0.9507393285983292,0.007418857908380261,5,961,301,4,1,1
airfoil_self_noise,ftt_mlp,2.013809525603553,1.780903892471403,2.2802238613770887,0.23532959862196007,1.4572552184471,1.310506795836529,1.66628159688697,0.1517948920082936,0.9123797127314092,0.8892839628435453,0.9300139226067734,0.016772712528693452,5,961,301,4,1,1
airfoil_self_noise,random_forest,2.122455398940306,1.7676777284937144,2.351055193662184,0.24790854994033423,1.5445100797227913,1.3662189240479137,1.7202730392348706,0.15466853786023904,0.9020266103678962,0.8780027629817937,0.9349638860990102,0.02142446739799721,5,961,301,4,1,1
airfoil_self_noise,lightgbm,2.288878911659355,1.99575151199383,2.502139300183776,0.2159074575047244,1.6603946049108227,1.532067070314227,1.7909467051045316,0.11544477621258756,0.8863081204917194,0.8565406766362342,0.9170987008166008,0.02175550468048886,5,961,301,4,1,1
airfoil_self_noise,prism_z_acp_lightgbm,2.3310473340641464,2.0590377130993627,2.722524432429803,0.25747636144181363,1.6436899672026293,1.5378604928867488,1.8042184516984427,0.10185326862546924,0.8826713581070766,0.8566833161259702,0.9117576622563348,0.020214466804648463,5,961,301,4,1,1
airfoil_self_noise,prism_z_lightgbm,2.362591215426909,2.091947320282911,2.7523266824153554,0.26110892954442005,1.670381862047871,1.5714685685296403,1.817348515546209,0.09568712040978415,0.8794962237693351,0.8535284964151441,0.908914364982167,0.020654202318372915,5,961,301,4,1,1
airfoil_self_noise,oracle_mlp,2.3768958568573,2.0905628204345703,2.606245517730713,0.18742214341782093,1.7439293384552002,1.5793442726135254,1.87265145778656,0.11766646480118938,0.8771369099617005,0.855360746383667,0.9090349078178406,0.02308742404457331,5,961,301,4,1,1
airfoil_self_noise,xgboost,2.427992952078224,2.151364447966573,2.6625767420546183,0.18535881624406297,1.8202604522547858,1.6359313005625578,1.9897386089128648,0.12815387407696438,0.8716747240647482,0.8375536050795708,0.9036667133317196,0.02543589351644826,5,961,301,4,1,1
airfoil_self_noise,prism_z_acp_xgboost,2.4438349950017537,2.154449873868971,2.8749893230775387,0.263581390791674,1.7950846100979512,1.6396090826254923,1.9903260173592296,0.12877694703866102,0.8709024477108297,0.8401820147942827,0.9033901982511716,0.022789970875883015,5,961,301,4,1,1
airfoil_self_noise,prism_z_acp_random_forest,2.494047958532259,2.1625273905164204,2.9712184959943952,0.3004131479170898,1.8115356069065647,1.6325711446633868,2.0155777292469907,0.1391603681886621,0.865438235521772,0.8293043873197825,0.9026644165306932,0.02636358592991093,5,961,301,4,1,1
airfoil_self_noise,prism_z_xgboost,2.4954260864444144,2.2236863363906205,2.885811633057275,0.24268784225593568,1.836069746097539,1.6942914950079495,1.9858480874824072,0.10907697391662291,0.8654567357576604,0.8389765458731749,0.8970810237102596,0.021642962693852377,5,961,301,4,1,1
airfoil_self_noise,prism_z_random_forest,2.498109304633456,2.170838238873353,2.976996292485269,0.3006713747810119,1.820210865012708,1.648335143799445,2.0311760253174964,0.1392884256576019,0.8650027121079109,0.8286398764916404,0.9019148346239252,0.02646909149443626,5,961,301,4,1,1
airfoil_self_noise,two_stage_mlp,2.6181175231933596,2.385152101516724,2.973121404647827,0.21698549873399864,1.854206347465515,1.7701667547225952,2.098230361938477,0.13832229332124288,0.8517207622528076,0.8117734789848328,0.869641900062561,0.02457295297535047,5,961,301,4,1,1
airfoil_self_noise,simple_mlp,3.066904401779175,2.8089442253112797,3.390963315963745,0.21447474823557525,2.194262981414795,2.0557310581207275,2.4345715045928955,0.14294670845600557,0.7967238903045655,0.7551490664482117,0.8192026615142822,0.028912005819051838,5,961,301,4,1,1
auto_mpg,random_forest,2.941601840978689,2.3845985809653607,3.5268136139188013,0.46263761338437137,2.0468660869159736,1.8130928604278624,2.212113789591533,0.1809740088551914,0.8659014537284853,0.8205711839167172,0.8982806399878247,0.0339972918447164,5,250,79,5,2,1
auto_mpg,xgboost,2.9707841492498086,2.4681453588418414,3.465860320084964,0.471305467510225,2.0714057750043153,1.849780117725767,2.2637937496832783,0.19382549071993432,0.862833117708556,0.8185018400313528,0.8922342968201492,0.036915062848069974,5,250,79,5,2,1
auto_mpg,lightgbm,3.0426359265874834,2.6547060267469167,3.5246381731861844,0.3673783427128752,2.1674154543098947,2.0717078520124006,2.2444222165210355,0.06818700014839486,0.8564361903405355,0.8207924694238774,0.8844899645711994,0.029617590881075996,5,250,79,5,2,1
auto_mpg,prism_z_acp_random_forest,3.0564153495168096,2.80636946972462,3.277706794611094,0.1900408214485876,2.1869631239122564,2.027219294372697,2.34724159175692,0.13840821817979174,0.8553328339293028,0.8353668703582607,0.8846956672099615,0.018841323499874118,5,250,79,5,2,1
auto_mpg,prism_z_random_forest,3.0664372110388136,2.784940178818379,3.2855013183342794,0.1983806426066559,2.1994981524107793,1.9825694952515145,2.441916692201644,0.18563347876163905,0.8542292597939701,0.8296441188564434,0.8794603024293184,0.021329131848437512,5,250,79,5,2,1
auto_mpg,prism_z_acp_lightgbm,3.0723997968730257,2.908756432253137,3.29368707247604,0.1567328430132741,2.228203375242036,2.072568317251158,2.3629492281158964,0.11564984428591023,0.8540767985157214,0.833757637632309,0.8735893463206645,0.015295761980140914,5,250,79,5,2,1
auto_mpg,prism_z_lightgbm,3.0934582746327814,2.980823798325661,3.3143832971578164,0.1339493801797844,2.268645437128118,2.11151569136154,2.38242041562545,0.0995251848570776,0.8514855212832229,0.8316618714849902,0.8804764870920085,0.02020515092796188,5,250,79,5,2,1
auto_mpg,cnn_mlp,3.117077410630775,2.566749911850745,3.820222904979559,0.5050516428754899,2.212661038290553,2.006077315000805,2.3905178338537656,0.14418362750134897,0.8484297909942071,0.7894745604499336,0.8911174885563344,0.04330229741103011,5,250,79,5,2,1
auto_mpg,oracle_mlp,3.118523120880127,2.5775959491729736,3.3411545753479004,0.311674406624361,2.2332016229629517,1.977634072303772,2.611747026443481,0.27247685545563877,0.8497673392295837,0.81689453125,0.8811490535736084,0.023991442327458395,5,250,79,5,2,1
auto_mpg,prism_z_xgboost,3.1261105859830405,2.667253634284364,3.34817191096496,0.2699927857170665,2.252365172986315,2.0605936836035568,2.460575373155034,0.16216247628597724,0.8490264809494722,0.8282121166891643,0.8727371374133956,0.021211203985930214,5,250,79,5,2,1
auto_mpg,prism_z_acp_xgboost,3.138859962318867,2.7143316838177776,3.482113071116926,0.304085555030745,2.25441036038177,2.096498490872777,2.408224900906592,0.14375301591242903,0.8474490082806669,0.8141927010419159,0.8781782927425335,0.025781261890662446,5,250,79,5,2,1
auto_mpg,two_stage_mlp,3.2182600021362306,2.90531063079834,3.554309844970703,0.3067529483089383,2.315803074836731,1.8648532629013064,2.777194023132324,0.3356678467514545,0.838257122039795,0.792786180973053,0.8725838661193848,0.03615079680967667,5,250,79,5,2,1
auto_mpg,ftt_mlp,3.219976422147205,2.8111266308395173,3.623982182310594,0.3453776670187885,2.263583868464507,2.1139526945135443,2.512572607121,0.185993098140017,0.8379903855527019,0.798743860025824,0.8936979700266495,0.035899974105081785,5,250,79,5,2,1
auto_mpg,prism,3.235371494293213,2.879241943359375,3.766530752182007,0.3465160427023334,2.336319589614868,2.140998601913452,2.539611577987671,0.14664260213581187,0.837782347202301,0.7953507304191589,0.8757197260856628,0.029959423537776298,5,250,79,5,2,1
auto_mpg,simple_mlp,3.247532844543457,2.980259656906128,3.3960182666778564,0.1829379951237777,2.332375431060791,2.103057861328125,2.541991949081421,0.16515189025601507,0.837380337715149,0.8244214057922363,0.8543145060539246,0.01248998553133618,5,250,79,5,2,1
combined_cycle_power_plant,random_forest,3.5789002430043055,3.4936082087247224,3.736252173012994,0.09362533473739809,2.621258616556484,2.538311291062916,2.703188250895012,0.07003364260166048,0.9559435529202747,0.951187692724624,0.95928723999701,0.0029471939303727557,5,6123,1914,3,1,1
combined_cycle_power_plant,lightgbm,3.663895045356932,3.586044984212594,3.759881936804478,0.06571061011226453,2.755210016489132,2.6641067162624257,2.86398083984798,0.07360583027002189,0.9538583030368522,0.9519137979444784,0.957104314480304,0.001992461108987411,5,6123,1914,3,1,1
combined_cycle_power_plant,xgboost,3.7208899185780853,3.640013982864168,3.8697365601468783,0.08730017162465188,2.8340441774368546,2.7463617608040853,2.900058459673547,0.06474177998622611,0.9523845786022337,0.9476375719753184,0.955803462124394,0.0029584436241555626,5,6123,1914,3,1,1
combined_cycle_power_plant,prism_z_acp_lightgbm,3.8251256204828117,3.778672261281161,3.906782620818333,0.04883202800595381,2.8672966403427256,2.7901742618681107,2.942818965834708,0.056966332313306216,0.94970395146416,0.9466302130088656,0.9523721916431568,0.002135677917899816,5,6123,1914,3,1,1
combined_cycle_power_plant,prism_z_lightgbm,3.8289585755134845,3.779103403289537,3.906337289909905,0.05007134499795367,2.867425713477535,2.7739414261923847,2.924270940774579,0.05783691139360081,0.9496044369890377,0.9466423794708512,0.951772945022432,0.0021125061180552233,5,6123,1914,3,1,1
combined_cycle_power_plant,prism_z_acp_random_forest,3.8319778041495427,3.7816446610896426,3.919216107912364,0.06049365201083168,2.844096201738581,2.743549261066033,2.949666540904558,0.07411788377749645,0.9495165440959428,0.9462899696193748,0.9522972316786552,0.002434877220138724,5,6123,1914,3,1,1
combined_cycle_power_plant,prism_z_random_forest,3.834791937638081,3.787879762058223,3.923176083054393,0.0599497870139311,2.846183714976017,2.747300512534624,2.9478803260478013,0.0716624836671796,0.9494432912969142,0.94618137757929,0.9521397992367976,0.0024109194722258492,5,6123,1914,3,1,1
combined_cycle_power_plant,oracle_mlp,3.8371834754943848,3.7669894695281982,3.9704203605651855,0.0888152786468969,2.899302768707275,2.866588830947876,2.9312517642974854,0.02641140357569331,0.9493890047073364,0.9463777542114258,0.9521766901016236,0.002487454010276696,5,6123,1914,3,1,1
combined_cycle_power_plant,prism_z_acp_xgboost,3.905814525774415,3.852568404555552,4.006890148053566,0.059297256270078307,2.9773528477806472,2.901918441281332,3.036887624789566,0.04971098605023909,0.9475552626697608,0.9438600725051371,0.9504911471460452,0.0024368941095175706,5,6123,1914,3,1,1
combined_cycle_power_plant,prism_z_xgboost,3.9159207066395694,3.8751126422843054,4.025857413417472,0.0625669323808078,2.9878781039718287,2.9015316672286997,3.043901439593472,0.05363029675360979,0.9472839325443253,0.9433273196148813,0.9499100257170026,0.002476076615219029,5,6123,1914,3,1,1
combined_cycle_power_plant,prism,3.9739028453826903,3.88547945022583,4.122528553009033,0.09038798128623003,3.0318958282470705,2.9605391025543213,3.1063942909240723,0.07053958310585975,0.9456995248794555,0.9405729174613952,0.9486825466156006,0.0031275608297787836,5,6123,1914,3,1,1
combined_cycle_power_plant,cnn_mlp,4.059461093486219,3.944990511317536,4.22390256341434,0.10899631772844998,3.142545895618329,3.06582731431592,3.2163625956745485,0.055972073814687766,0.9433181134405345,0.9376143422991045,0.9480872456082816,0.003792193714589155,5,6123,1914,3,1,1
combined_cycle_power_plant,two_stage_mlp,4.08976469039917,3.997882843017578,4.217414379119873,0.08125183067151404,3.140977478027344,3.0533246994018555,3.169379472732544,0.049756025665189677,0.9425044298171997,0.9378058314323424,0.9444655776023864,0.0027575615847303912,5,6123,1914,3,1,1
combined_cycle_power_plant,ftt_mlp,4.097956067816648,4.039474620267961,4.192328966872512,0.05715418800014784,3.182457133185963,3.0837150371936914,3.2504169660601683,0.06732665165915044,0.9422790061866075,0.938543519841718,0.94466855764431,0.002335832611362966,5,6123,1914,3,1,1
combined_cycle_power_plant,simple_mlp,4.102700424194336,4.03819751739502,4.215821743011475,0.07161709867346631,3.1721487045288086,3.1275808811187744,3.2214508056640625,0.04142438035790469,0.9421347379684448,0.9378527998924256,0.945605218410492,0.0027802012488268584,5,6123,1914,3,1,1
concrete_slump_test,simple_mlp,2.52553551197052,1.9985429048538208,3.457115888595581,0.573317229195709,1.9932696342468261,1.385808348655701,2.709871530532837,0.49090181512974596,0.8897666335105896,0.7696095705032349,0.943756103515625,0.07132165439773379,5,65,21,7,2,1
concrete_slump_test,prism,2.5300546646118165,2.182177782058716,3.1037051677703857,0.382729533235298,1.98775475025177,1.436178207397461,2.464733600616455,0.38973772990351635,0.8959560751914978,0.8143061995506287,0.9265955090522766,0.04619984558165735,5,65,21,7,2,1
concrete_slump_test,two_stage_mlp,2.640975093841553,1.9263200759887693,3.7760090827941895,0.6831591048358789,1.994923210144043,1.4464216232299805,2.996420860290528,0.5865904968631872,0.876653254032135,0.7251456379890442,0.9551991820335388,0.08837404651359303,5,65,21,7,2,1
concrete_slump_test,oracle_mlp,2.867056202888489,1.9667729139328003,4.627485752105713,1.0802271868406188,2.315611982345581,1.4839600324630735,3.7792983055114746,0.9240078791705616,0.8427547574043274,0.5872122049331665,0.953297793865204,0.14892974317415117,5,65,21,7,2,1
concrete_slump_test,prism_z_xgboost,3.1937450093939965,2.735594421433135,4.236496819691065,0.6146472826683101,2.5401920845539516,1.9216906074619395,3.4802436018902263,0.5758232529055257,0.8313075105027459,0.6966229316953573,0.906310270249972,0.08288369883096733,5,65,21,7,2,1
concrete_slump_test,prism_z_acp_xgboost,3.2648203360339503,2.7623872736756137,4.1451440641062245,0.5388792910916784,2.5532731770934722,1.9461482242517063,3.397134464220928,0.5457677281922361,0.8252070866816237,0.7095654766488815,0.8966490830555115,0.07577992934053696,5,65,21,7,2,1
concrete_slump_test,prism_z_acp_lightgbm,3.2943229708351884,2.810640025748487,4.087041612809522,0.5013086301625802,2.5522365487089376,1.8551120255023388,3.389666223497681,0.5556908797244119,0.8193555523637593,0.6780008650563378,0.8949818289285639,0.08762570732743755,5,65,21,7,2,1
concrete_slump_test,prism_z_lightgbm,3.3210327825479267,2.790040107522065,4.139378462675772,0.5329251978137886,2.559808558799638,1.804313545948555,3.449203728906728,0.6051628246156454,0.815572719127875,0.6697013054649914,0.8978444474272514,0.09160933018053456,5,65,21,7,2,1
concrete_slump_test,xgboost,3.725587772129086,2.6572827254255613,4.641128223027024,0.7753385925881808,2.8150554018123612,1.9333749199190595,3.270231794541716,0.5511710224882564,0.7766020882991004,0.6993349108495025,0.8982701943644041,0.08301786593859649,5,65,21,7,2,1
concrete_slump_test,prism_z_acp_random_forest,3.8655909995690494,3.2992009217310088,4.773290353176355,0.6212029393087962,3.0211707264452476,2.395939361587576,3.99626468259103,0.6218007887551804,0.7583664856259872,0.6148723618724465,0.8467816398167523,0.0954170083218239,5,65,21,7,2,1
concrete_slump_test,prism_z_random_forest,3.877473603502088,3.3489997370039,4.848446812283691,0.6684193718035243,3.059810705949343,2.3416837986225745,4.062929756609724,0.6659735198083959,0.7554075547752694,0.6026490531533073,0.8489067759389134,0.10288246958346839,5,65,21,7,2,1
concrete_slump_test,random_forest,4.226851230633651,3.7705546691196288,4.658093291201025,0.35723954077224784,3.2249536368477165,2.757636109904994,3.593423630039628,0.30348360836141075,0.7172919567551945,0.6332371446076035,0.7951749025285543,0.06803559931548564,5,65,21,7,2,1
concrete_slump_test,lightgbm,4.538555471025619,3.372075978474574,5.103372218896935,0.6916242954013904,3.829823994222617,2.561303116507241,4.610159833556078,0.7882412386122261,0.6649078084828414,0.5757247276904445,0.8361798236515238,0.12177934032501915,5,65,21,7,2,1
concrete_slump_test,cnn_mlp,4.614591991292493,3.494425399207454,5.75833955494202,0.9474132765866106,3.364445744005162,2.243557892761399,4.618582083258121,0.90664825501746,0.6357536609825224,0.3608083000250828,0.8525717755242639,0.19515772063491643,5,65,21,7,2,1
concrete_slump_test,ftt_mlp,4.675699238145802,3.762638238111731,5.937350509591422,0.9023197794537254,3.7987865234526055,2.942263578040302,4.669923076205733,0.7197992302992947,0.6305316299424841,0.3204491468288788,0.7960340766871701,0.20318904971431032,5,65,21,7,2,1
energy_efficiency,prism,0.9864282250404358,0.8060698509216309,1.0990636348724363,0.11471096249631611,0.6602349519729614,0.5812156796455383,0.7053552269935608,0.04716625187326735,0.9889649987220764,0.9869768619537354,0.9922341704368592,0.0021598950435105205,5,491,154,8,1,1
energy_efficiency,xgboost,1.1867376306438169,1.0564557555292466,1.3633260662399471,0.11152154214486208,0.7704590246976365,0.6559851282286353,0.8743596312353272,0.09158109842855455,0.9840681216862996,0.9800328649823828,0.9866602786181412,0.002551505405512892,5,491,154,8,1,1
energy_efficiency,lightgbm,1.2051091047352205,1.0396759970300913,1.3430100686306965,0.12374688967986819,0.8186663114452717,0.6460977491721208,0.9196989176047012,0.11426180806568513,0.9835347990971373,0.980230000017238,0.9870806647829728,0.003025853850693589,5,491,154,8,1,1
energy_efficiency,oracle_mlp,1.2736500740051269,1.118715763092041,1.3614851236343384,0.09409295463532381,0.890817129611969,0.7568193078041077,0.9768837094306946,0.08555134117349178,0.9815826296806336,0.9797077178955078,0.9865069389343262,0.0028578225782314314,5,491,154,8,1,1
energy_efficiency,simple_mlp,1.346858763694763,1.153247594833374,1.4617743492126465,0.11991276952305926,0.9243097305297852,0.7776873111724854,1.0768333673477173,0.11868686739021136,0.97947758436203,0.975471258163452,0.9841039180755616,0.0031063349599324305,5,491,154,8,1,1
energy_efficiency,cnn_mlp,1.4444564405710665,1.387699817735242,1.5321419472414697,0.05524640862731038,0.992930659023247,0.925386364964746,1.1018849599860667,0.0666777426625102,0.9764695301627941,0.9747817884361284,0.9778942348394648,0.0011645103179948753,5,491,154,8,1,1
energy_efficiency,prism_z_acp_lightgbm,1.5171566148807467,1.360007956608993,1.7132194518956636,0.14694637046082779,0.959588180547752,0.8551835973597203,1.0377654713874982,0.07214159988492333,0.973972337649551,0.9684686713312126,0.9780789194626912,0.004116427033205086,5,491,154,8,1,1
energy_efficiency,prism_z_acp_xgboost,1.5305677826822504,1.3642147591750056,1.6842880774455702,0.14511475871800233,0.9870271305256191,0.8687875854046777,1.0994829362764211,0.0901582807030209,0.9734583690312381,0.9675617083913344,0.977756167329256,0.004583774177946437,5,491,154,8,1,1
energy_efficiency,prism_z_xgboost,1.58928861373609,1.4953950802370268,1.657094812901156,0.07094784118505132,1.0328551876809755,0.972464939803316,1.0806101159937636,0.038733586443523246,0.9715165276147365,0.969414249428746,0.9732726422424404,0.0016608578556662236,5,491,154,8,1,1
energy_efficiency,prism_z_lightgbm,1.6081533784442297,1.4120346119438163,1.6960029475995604,0.11344695538850585,1.0250635338527772,1.0018658993206222,1.0640650917592336,0.023230174919425632,0.9707407489238215,0.9672479427754572,0.977089158945861,0.003739551980224135,5,491,154,8,1,1
energy_efficiency,two_stage_mlp,1.626368474960327,1.1496723890304563,2.788459539413452,0.6728590908220932,1.17126407623291,0.8177165985107422,2.1080596446990967,0.5354576936847829,0.9659945607185364,0.9107428193092346,0.984812080860138,0.031212666269333424,5,491,154,8,1,1
energy_efficiency,random_forest,1.77524360419302,1.540618897384784,1.9271408338276363,0.1691634604073542,1.0980066888825317,0.922651962808745,1.261478859867173,0.15342145585307962,0.9641717576831944,0.9584058222593044,0.9744105492496214,0.006637124823318112,5,491,154,8,1,1
energy_efficiency,prism_z_acp_random_forest,1.7963559559051443,1.6212272529302325,2.01314725982192,0.16700267995447823,1.1608306046120414,1.0255254754239136,1.320310416956347,0.12412187872095193,0.9634509463019828,0.9564621111241632,0.9685853718652772,0.006115769731471085,5,491,154,8,1,1
energy_efficiency,prism_z_random_forest,1.9226183148738385,1.8430381847803132,2.0890982973679164,0.10076550236806324,1.2374581845503692,1.1489999517219962,1.3254912814546944,0.07763718329680357,0.9582376953427889,0.9531149883534554,0.962422745458471,0.004067430170334806,5,491,154,8,1,1
energy_efficiency,ftt_mlp,2.567687843304889,2.3749357909178563,2.747009816890242,0.13981139913106513,1.9817421907308308,1.7994965574710144,2.148996631009373,0.1351602950185456,0.9255694629396214,0.9189343814381976,0.935253211115721,0.0065905430131050526,5,491,154,8,1,1
household_power_consumption,oracle_mlp,0.053213242441415745,0.0530695766210556,0.0533757321536541,0.00013160693956504,0.03480719774961466,0.0344679467380046,0.0351769626140594,0.00029708968493321084,0.3611975908279419,0.3572934865951538,0.3646453619003296,0.003160344337601493,5,19133,10251,9,3,1
household_power_consumption,prism,0.05547411292791362,0.0548924878239631,0.0558531060814857,0.0003797679280687086,0.03884317502379412,0.0385614894330501,0.038950826972723,0.00016034485623646976,0.3057402729988098,0.2962480187416076,0.3202475905418396,0.009485634795440063,5,19133,10251,9,3,1
household_power_consumption,lightgbm,0.05766001726746443,0.0575805471648002,0.057770746166458,7.616792929186871e-05,0.040850436930887704,0.0407792604072612,0.0409648197649042,7.040187355050563e-05,0.2499760943057936,0.2470937113413684,0.252043209666679,0.0019820327813486653,5,19133,10251,9,3,1
household_power_consumption,xgboost,0.058049320968425376,0.0579036522247772,0.0582331581628481,0.00016204028263353709,0.04153746259508824,0.0414243277242075,0.0416655741562811,0.00011315631396114988,0.23981033905787882,0.2349925606322528,0.243625551964292,0.004245544227741048,5,19133,10251,9,3,1
household_power_consumption,random_forest,0.059060378642234325,0.0588865834285714,0.059139083163769,0.00010016250924279005,0.0418993869322402,0.0417573874746711,0.0420067067706639,0.00010519182554799786,0.21310204505338765,0.2110052579904813,0.217728180120502,0.002666443278078646,5,19133,10251,9,3,1
household_power_consumption,simple_mlp,0.060065943747758824,0.0563926920294761,0.0626042708754539,0.003150117653722318,0.04220109656453128,0.0384642109274864,0.0446524061262607,0.0031930856649316115,0.18428936004638669,0.1158357858657836,0.2825847268104553,0.08455156010831141,5,19133,10251,9,3,1
household_power_consumption,prism_z_acp_xgboost,0.06038456935415112,0.0602262598652535,0.0605969368789204,0.00014150574744875317,0.04353884805280386,0.0434609942657647,0.0436597051427884,7.427260786671363e-05,0.17741872673652356,0.1716262775611789,0.1817297566836211,0.003857240772640952,5,19133,10251,9,3,1
household_power_consumption,prism_z_xgboost,0.06072937400325638,0.0606585654020244,0.0608284958389035,6.69906385090953e-05,0.04379846018696378,0.0437222008054738,0.0438625520344348,6.120929373960564e-05,0.1680006343670289,0.1652832555143129,0.1699405389513879,0.00183606715736988,5,19133,10251,9,3,1
household_power_consumption,prism_z_acp_lightgbm,0.0608432191593223,0.0607258499746996,0.0610977840225387,0.00014964961164503268,0.04377072486852028,0.0436762666275245,0.0439089441497442,0.00010468986752768506,0.16487509843900844,0.1578763024812228,0.1680980564843822,0.004113379281174221,5,19133,10251,9,3,1
household_power_consumption,prism_z_random_forest,0.060931383816128934,0.060765760113602,0.0610825473936186,0.00014942341498530654,0.044332920058805035,0.0442415426486756,0.0443964874929277,5.8063673055881864e-05,0.16245309909687017,0.158296269475751,0.1670041448911912,0.004106683585934306,5,19133,10251,9,3,1
household_power_consumption,prism_z_acp_random_forest,0.06096285587708424,0.0607808235528558,0.061100855384992,0.00012097656604411032,0.04424115473327468,0.0441427696036882,0.0443369538531284,8.994994374600909e-05,0.16158905463598713,0.157791633874748,0.1665911051235404,0.00332599641995216,5,19133,10251,9,3,1
household_power_consumption,prism_z_lightgbm,0.06107082604041686,0.0609144095952548,0.0613637004174699,0.0001794414797488083,0.044015104160319396,0.0438346941460067,0.0441529721652003,0.0001362452965150826,0.15861347667667108,0.1505299864957351,0.1629236938004694,0.004950325343875791,5,19133,10251,9,3,1
household_power_consumption,cnn_mlp,0.0611145451304954,0.0574608668775346,0.0623988647187549,0.0020561473901225067,0.043575079136486186,0.0398575621755652,0.0447679613410452,0.0020919109057544053,0.1566512119733439,0.1216283488815692,0.2551491494045881,0.0554602328143913,5,19133,10251,9,3,1
household_power_consumption,two_stage_mlp,0.061127527803182556,0.0570374988019466,0.063156209886074,0.002396218851469858,0.04342751801013942,0.0388928167521953,0.0453068949282169,0.0025721288640602707,0.15601994991302487,0.1001771092414856,0.2660847306251526,0.06473269668701878,5,19133,10251,9,3,1
household_power_consumption,ftt_mlp,0.06261207593783333,0.0618683478484762,0.0630621275552147,0.000580712407716997,0.04481051986593228,0.0443374414087977,0.0452265231334329,0.0003751456267244656,0.11555454240535215,0.1028558944578671,0.1365006638071335,0.0163739461419556,5,19133,10251,9,3,1
hydraulic_systems,oracle_mlp,1.7691632747650146,1.486713171005249,2.010101318359375,0.24706370596366997,1.1317551851272583,1.0744928121566772,1.1830785274505615,0.03999233595517858,0.9820406317710877,0.9765973687171936,0.987797200679779,0.00451812640469251,5,1411,441,23,44,4
hydraulic_systems,xgboost,2.0879399746843754,1.5493145230173349,2.459244644650962,0.3751337232689172,0.9372185221145417,0.8219402946611256,0.9940687235597564,0.06934524753613491,0.9769237774228404,0.9750825053226,0.9793719156654224,0.0016138650475836587,5,1411,441,23,44,4
hydraulic_systems,prism,2.0963537216186525,1.5722508430480957,2.359361171722412,0.3347708683510281,1.0680667877197265,0.9905654788017272,1.1727216243743896,0.09022557944258847,0.9812351703643799,0.980013906955719,0.982633411884308,0.0012631884213659195,5,1411,441,23,44,4
hydraulic_systems,lightgbm,2.18668636912622,1.859219874862116,2.483805318842906,0.24811034582209662,0.9603382494884334,0.8973989224975353,1.0285115415104271,0.055880424342972315,0.9788980171960253,0.9774819956643516,0.981078120807642,0.0015827584102630153,5,1411,441,23,44,4
hydraulic_systems,two_stage_mlp,2.1987763404846192,1.8504958152771,2.5225830078125,0.2836571972385414,1.2607133626937865,1.1989243030548096,1.3281099796295166,0.05546679300096753,0.9777345180511474,0.9753236770629884,0.9823306798934937,0.0027517054157176653,5,1411,441,23,44,4
hydraulic_systems,prism_z_acp_xgboost,2.282960632185812,1.5921601264392513,2.701876152788204,0.5184465957502851,0.9374321670522526,0.8271860059866993,1.0146444449871952,0.07666200516580314,0.9711748201494105,0.9676360577009112,0.9752879111700132,0.0037128588152530767,5,1411,441,23,44,4
hydraulic_systems,simple_mlp,2.3259887218475344,1.967983722686768,2.697701930999756,0.31142379712666557,1.4055359363555908,1.3308377265930176,1.51546311378479,0.07731847805303808,0.9759294867515564,0.9736902117729188,0.9782609939575196,0.0017157594805551034,5,1411,441,23,44,4
hydraulic_systems,prism_z_lightgbm,2.4051637920440916,1.8662583348326272,3.082903203640022,0.5131513992660446,1.0106901858499855,0.9315721045919396,1.115209607546345,0.07059148018513721,0.9706871037837832,0.9657190354794112,0.975867383352843,0.0038556432787629426,5,1411,441,23,44,4
hydraulic_systems,prism_z_xgboost,2.4108978353612383,1.8436752892794828,3.093427833001249,0.5494235976245617,0.9951650867617531,0.932656409636286,1.1041082363091728,0.0669844172260555,0.9697091162590696,0.965287400562114,0.9744317623488,0.0036307319829150383,5,1411,441,23,44,4
hydraulic_systems,random_forest,2.452596961770511,2.140051933937281,2.829903510852789,0.25190689557574747,0.8800567966608005,0.8093672989929337,0.960539036545904,0.05566692283381693,0.9743068753185161,0.972032559325433,0.9769696251024969,0.0017742600265823057,5,1411,441,23,44,4
hydraulic_systems,prism_z_acp_lightgbm,2.4746077171631233,2.1943277189731933,2.924401023782868,0.2990571782863798,0.9051779868480267,0.8414075970517145,0.9562357892940035,0.05063398365912437,0.9713584433934471,0.96662935880386,0.9756853005124442,0.00382756814332256,5,1411,441,23,44,4
hydraulic_systems,prism_z_acp_random_forest,2.526311902912475,1.956107042254454,2.973939455019021,0.4884856733349564,1.1880223691830918,1.072116598372563,1.2408734300202402,0.06757094045248087,0.9627288831379713,0.9587871850503684,0.9704890143030248,0.004557325781195874,5,1411,441,23,44,4
hydraulic_systems,prism_z_random_forest,2.7060190288951746,2.102520580376952,3.1680948013237105,0.39501440272842797,1.243298600082444,1.1292008669997542,1.3328143265734762,0.07355921390177492,0.962594733344013,0.958061062120916,0.9699605601556712,0.004417027418203955,5,1411,441,23,44,4
hydraulic_systems,ftt_mlp,3.2890821409743793,2.931547464024342,3.6552940073294913,0.27178650036226737,1.7154182133672766,1.560270207443481,2.036401821065853,0.18660649433143586,0.9293899369825509,0.9176961361002328,0.9404289970645338,0.008738228688107377,5,1411,441,23,44,4
hydraulic_systems,cnn_mlp,3.357745502709439,2.9820137214545417,3.808388824329744,0.2957915220847605,2.133157555980266,2.092560752984352,2.191084611293313,0.03882101603599121,0.9355391019736585,0.9251793293600148,0.9449394420891536,0.0072362170498881835,5,1411,441,23,44,4
parkinsons_telemonitoring,oracle_mlp,6.324038028717041,4.766788959503174,7.385523796081543,1.0951217960291357,4.889139842987061,3.4703497886657715,5.781182765960693,0.9067496210824724,0.6961965084075927,0.5559724569320679,0.8109390735626221,0.11616978561284143,5,3667,1248,19,1,1
parkinsons_telemonitoring,cnn_mlp,11.957393704333569,10.591387450466286,14.487820568464777,1.4780819687587952,9.615777385765387,8.15497204068501,13.035973861964877,1.966123410751435,-0.03970867827627408,-0.1145295030417636,0.0506618233198676,0.07054279395405173,5,3667,1248,19,1,1
parkinsons_telemonitoring,xgboost,12.876305606495578,9.61780168522299,16.103870513362068,2.5523950615443374,11.162885250703109,8.187140145752778,14.686519812242969,2.6066666085814147,-0.22628859050419808,-0.6646193257897806,0.3094186046503306,0.35804762137563106,5,3667,1248,19,1,1
parkinsons_telemonitoring,lightgbm,12.956025446862048,10.836058343751166,16.360236535573225,2.2792183740979572,11.176846820710054,8.88632180419479,15.006873928279871,2.434081764556244,-0.22608700480803962,-0.5387627823500152,0.1090749374821407,0.2615134272634606,5,3667,1248,19,1,1
parkinsons_telemonitoring,ftt_mlp,12.976491709451498,11.218024596332787,15.2005195962252,1.7954261937845983,10.680038527819201,8.552777611163556,13.788502221551848,2.4129213086212826,-0.24368111659636038,-0.7342166094419436,0.0605016664861547,0.29796096066653194,5,3667,1248,19,1,1
parkinsons_telemonitoring,prism,13.164886283874512,10.664263725280762,15.13560962677002,1.7116696622362215,10.58570442199707,8.516316413879395,12.497550010681152,1.57596580729662,-0.27272233963012693,-0.6557962894439697,-0.0338246822357177,0.24785903027428224,5,3667,1248,19,1,1
parkinsons_telemonitoring,prism_z_random_forest,13.454217252703213,11.081408568489694,16.15901758251976,1.9296217303229735,11.056702476414511,9.41851568414219,14.103834302393429,1.8815865896664707,-0.3208294833348153,-0.631918433247914,-0.1162849152037017,0.21466278418089518,5,3667,1248,19,1,1
parkinsons_telemonitoring,prism_z_xgboost,13.644680915145287,11.576971481218466,16.307268064591863,1.786244563620218,11.162087955861736,9.643300568856844,14.092922409032848,1.7466218330736745,-0.35644665888236016,-0.5776549527948136,-0.170820348813629,0.16412655963073183,5,3667,1248,19,1,1
parkinsons_telemonitoring,random_forest,13.67168302651917,11.105241166140928,17.963061683802586,2.843354677624982,11.9903645210029,9.24601200192259,16.3274861158689,2.918242187670293,-0.3681773287515723,-0.776843548481615,0.079297702436368,0.3689605046348112,5,3667,1248,19,1,1
parkinsons_telemonitoring,prism_z_acp_random_forest,13.799615526967022,11.07078902138458,16.442179767491226,2.0183259303040026,11.271925956699224,9.67411461920958,14.114374868734014,1.731103186820076,-0.3892299065146897,-0.6920752518568019,-0.1141464217104448,0.23160032897564534,5,3667,1248,19,1,1
parkinsons_telemonitoring,prism_z_lightgbm,13.885411966018165,11.690842447124767,16.697450297199936,1.8968285135059264,11.327268082711068,9.713239621737433,14.469027493059167,1.8900755025816227,-0.40541236072813314,-0.6831019036835835,-0.2009144295690206,0.19450853009628766,5,3667,1248,19,1,1
parkinsons_telemonitoring,prism_z_acp_xgboost,13.923327565492269,11.57514121173763,16.499799170211176,1.83875629884392,11.300217823323248,9.947544840970211,14.135164197810717,1.677281158753675,-0.4123721540709283,-0.631302216312611,-0.217973156749071,0.17735790416138747,5,3667,1248,19,1,1
parkinsons_telemonitoring,simple_mlp,14.092026138305664,12.412559509277344,16.313936233520508,1.6356938294909549,11.637515830993653,9.216659545898438,14.04328155517578,1.8988715163924168,-0.45552845001220704,-0.7483669519424438,-0.1502332687377929,0.21695076152776388,5,3667,1248,19,1,1
parkinsons_telemonitoring,prism_z_acp_lightgbm,14.131461757426298,11.61288463398776,16.707063351221937,1.925368637211218,11.482525751948469,9.949402949437014,14.26956594584432,1.6966320577605352,-0.4567858331569036,-0.7395363037175866,-0.2259290724445863,0.21508463653371987,5,3667,1248,19,1,1
parkinsons_telemonitoring,two_stage_mlp,14.983603858947754,11.050506591796877,18.77935218811035,3.1248666150262263,12.057963371276855,9.508254051208496,15.710394859313965,2.8468596152446737,-0.6859910964965821,-1.887204647064209,-0.1100677251815795,0.7027492382495262,5,3667,1248,19,1,1
real_estate_valuation,oracle_mlp,8.412760353088379,6.550554275512695,9.958147048950195,1.5102118344942055,5.730717754364013,5.186670780181885,6.597196102142334,0.6352303136695435,0.6166056990623474,0.5523663759231567,0.7173010110855103,0.07147082950056838,5,264,83,2,4,1
real_estate_valuation,lightgbm,12.727670565232794,11.542046599959653,14.549091314962125,1.1793755131484829,9.854087510241307,9.410665577673893,10.110093752146447,0.3202076464300409,0.1054332287470174,-0.12255954038124,0.3136838953372179,0.16919746268261646,5,264,83,2,4,1
real_estate_valuation,random_forest,12.730763915386259,11.476837482505152,14.675581946153718,1.192312325441795,9.86258555247927,9.151907807559928,10.353414541186378,0.48388343387855676,0.09823191661121763,-0.1702574650030277,0.3214169509150696,0.20921901708128002,5,264,83,2,4,1
real_estate_valuation,ftt_mlp,12.925570270119767,11.197676183323326,14.851802373061252,1.592643259346097,10.155440796929977,9.456425177484206,11.352463221865555,0.8051501408545054,0.08928150132107912,-0.0404319890866569,0.244040866854183,0.1179866677076381,5,264,83,2,4,1
real_estate_valuation,cnn_mlp,12.99971411444992,11.499562674139575,14.294764148161692,1.133313892591273,10.140708885577022,9.415520714516289,10.78204820679452,0.6078687528165211,0.07705374208984218,-0.0588998956064228,0.1520990774220213,0.08193777632053852,5,264,83,2,4,1
real_estate_valuation,simple_mlp,13.064856719970702,11.79469394683838,14.596659660339355,1.114787071829426,10.141982460021973,9.304245948791504,10.864582061767578,0.6642219815368469,0.06722110509872434,-0.0602480173110961,0.1639984846115112,0.08441652058629925,5,264,83,2,4,1
real_estate_valuation,two_stage_mlp,13.154909896850587,12.322070121765137,14.614108085632324,0.9246501223670229,10.145796203613282,9.481192588806152,10.73663330078125,0.4653207500403356,0.048752355575561526,-0.1334260702133178,0.174020767211914,0.127850137786695,5,264,83,2,4,1
real_estate_valuation,xgboost,13.319877071116002,12.780803779843383,14.984482301100844,0.93669290034193,10.432436066019175,10.006154821844794,10.721932016482368,0.2937511798188862,0.01952900216672252,-0.192616983163822,0.2273639375225822,0.17024193875007643,5,264,83,2,4,1
real_estate_valuation,prism,13.365990829467773,11.98072624206543,15.3137845993042,1.2453064139986638,10.358287048339843,9.571734428405762,11.22019863128662,0.6973118010413947,0.02154124975204466,-0.1443080902099609,0.1729407906532287,0.12402205762861399,5,264,83,2,4,1
real_estate_valuation,prism_z_xgboost,13.700902494172968,12.784603073012365,14.663664320189628,0.8752422374902141,10.696397599850869,10.317882966355668,11.444075892408586,0.4523441625660857,-0.04744004148255822,-0.4749085118969269,0.1579593827723842,0.25685558524264873,5,264,83,2,4,1
real_estate_valuation,prism_z_acp_xgboost,13.72993344652102,12.836391349961293,14.631799884457696,0.8510456115650692,10.74440392897136,10.36552436599868,11.569730441333688,0.49011906433700714,-0.05437481921261696,-0.5106932416154009,0.1573659819067435,0.27244246691277374,5,264,83,2,4,1
real_estate_valuation,prism_z_random_forest,13.89148927584282,13.008461777628671,14.642148531753238,0.6713271592167793,10.793923355621049,10.424217941734833,11.537700567464276,0.44287235680540726,-0.08351761186007534,-0.5256135051378037,0.1511611934790299,0.2890326616530731,5,264,83,2,4,1
real_estate_valuation,prism_z_acp_random_forest,13.89474338747579,13.060546401435577,14.546271165808196,0.6073953830556694,10.783154796057039,10.44238626006779,11.458520797284418,0.40338733958951883,-0.08240129705731611,-0.5056993638168867,0.1367356408537692,0.2783157091014801,5,264,83,2,4,1
real_estate_valuation,prism_z_lightgbm,14.020297325049793,12.977535154961002,15.274967099570404,0.9645659437327411,10.952546093669948,10.367508370125304,11.570662680122918,0.49051604144144906,-0.09316127442853843,-0.5046236715752879,0.1099695117598597,0.2481734687042464,5,264,83,2,4,1
real_estate_valuation,prism_z_acp_lightgbm,14.123232238074532,13.231293328929572,15.44869753176819,0.8863950735154201,10.939722057091581,10.357231963129877,11.557749087591144,0.49403398511664515,-0.11255897481556598,-0.5069099472502854,0.1340765460209964,0.2606731722009469,5,264,83,2,4,1
student_performance,oracle_mlp,1.8277698516845704,1.6048033237457275,2.0537004470825195,0.1875910729958866,1.1622632026672364,1.0343161821365356,1.2769768238067627,0.10429651847296703,0.7783867359161377,0.7490349411964417,0.8355824947357178,0.03372106908258284,5,668,209,58,2,1
student_performance,xgboost,3.149561583844586,2.9776654250296053,3.526383448627169,0.21911149599439583,2.323208084327868,2.2282477559015503,2.523698430249369,0.11896800284106189,0.3420464093005636,0.2299028730269721,0.4114766170716352,0.07857192309539135,5,668,209,58,2,1
student_performance,lightgbm,3.1993919911340134,2.983399097196126,3.5938768090505424,0.26092059072437745,2.4117648538413237,2.2103633948659294,2.673812067033921,0.18086454194169213,0.3160513003040753,0.1059486490746297,0.424924459367682,0.13403096539046175,5,668,209,58,2,1
student_performance,random_forest,3.2944998590747177,3.026826943024832,3.7960646672868577,0.31441212811417163,2.397553425212357,2.215598103777689,2.6896650755064586,0.17725801263190546,0.27596034313827367,0.0758370680043089,0.3921541647725997,0.14130856648162668,5,668,209,58,2,1
student_performance,two_stage_mlp,3.327757406234741,3.083279609680176,4.054465293884277,0.41110789136900733,2.3872829914093017,2.2288832664489746,2.909064531326294,0.2930517623078568,0.2659781813621521,0.0632913708686828,0.3783089518547058,0.13258530356761106,5,668,209,58,2,1
student_performance,prism,3.3332139015197755,3.065551280975342,3.985415935516357,0.3759639116304041,2.3821550846099853,2.2010958194732666,2.7961456775665283,0.24242271735148674,0.26224074363708494,0.0949247479438781,0.3928173184394836,0.13131760053518693,5,668,209,58,2,1
student_performance,simple_mlp,3.3452478885650634,3.052785873413086,3.932141065597534,0.3393097268057948,2.4192479133605955,2.2348430156707764,2.863490343093872,0.252047411824191,0.2585990190505981,0.1189602017402648,0.3719005584716797,0.10837173919332634,5,668,209,58,2,1
student_performance,prism_z_random_forest,3.35174118674007,3.0384546232468512,3.957942242964174,0.37208351680171925,2.4062392273683737,2.2367464133772863,2.805677835000365,0.23428725692910196,0.2573517950431038,0.1073602068402659,0.3777838537650226,0.10450959962448458,5,668,209,58,2,1
student_performance,prism_z_xgboost,3.355362560524623,3.021835861861024,4.178987820003959,0.47767154692793035,2.4311347829782024,2.173474703012153,2.9975511650286326,0.3270386613749694,0.2534215750264278,0.0048706178953052,0.3845716353700915,0.15647457464449538,5,668,209,58,2,1
student_performance,prism_z_lightgbm,3.369801024190628,3.023073802409187,4.095818355349503,0.43074187727970104,2.440938240630221,2.2351413294201774,2.9228977249399284,0.27887301030187467,0.24773904055313506,0.0440862368977209,0.3840672930984581,0.13654388952408342,5,668,209,58,2,1
student_performance,prism_z_acp_xgboost,3.4190007583148514,3.0490897537887687,4.229885538554046,0.4738659716571141,2.451524114695574,2.2255493024864754,3.025181573004409,0.3310815728818741,0.22073436390259507,-0.0195172293638272,0.373420496919405,0.1817805023136421,5,668,209,58,2,1
student_performance,prism_z_acp_random_forest,3.4265127989100117,3.091856570960825,4.220162233017264,0.4560804479750101,2.4624465718645827,2.257368428327609,3.049968104882013,0.33365780341456847,0.2190426929827407,-0.0148354554690266,0.3557203040644071,0.16754878193117467,5,668,209,58,2,1
student_performance,prism_z_acp_lightgbm,3.4438685589435125,3.048819095158529,4.294745172134814,0.4958983330698539,2.485840859937068,2.236051609618409,3.1200305987285644,0.36873548260365757,0.20906923462595053,-0.0510228038983153,0.3735317311806249,0.19120864860842895,5,668,209,58,2,1
student_performance,cnn_mlp,3.687879387913572,3.4515340699573955,4.249358884123909,0.3207229229628648,2.6766201732017714,2.554510704524722,3.01429950307763,0.1907620859064258,0.09992174211016702,-0.0289260472787153,0.1971025175597002,0.1045605752266315,5,668,209,58,2,1
student_performance,ftt_mlp,3.690510498948201,3.415636037738759,4.3934473031250425,0.41067750384632407,2.7153121979882835,2.486426004160746,3.179782572640084,0.2916715906022193,0.09942010307376274,-0.0998872861422699,0.2137169004685835,0.12977586030713004,5,668,209,58,2,1
superconductivity,random_forest,9.703646694075108,9.258671840298229,10.46202607937576,0.46968173544683495,5.281112245694482,5.060379680523284,5.6290269362868655,0.226455849242245,0.9196066960674395,0.9068502406880128,0.92799678296972,0.008122256780771516,5,13608,4253,77,81,1
superconductivity,prism_z_lightgbm,9.76389627251407,9.44197999965025,10.267535438271771,0.3333134246549639,5.622336791219548,5.472463887627023,5.86303826242625,0.17476628008557044,0.9186871033670894,0.910281384838388,0.9251174422495764,0.005818419780411772,5,13608,4253,77,81,1
superconductivity,prism_z_acp_lightgbm,9.766045588003246,9.474535413334214,10.266660606300938,0.3209447906640534,5.609856400578796,5.459223290956057,5.874110215421878,0.18303157634214184,0.9186602324181251,0.9102966729023309,0.9242834439165168,0.005573371032543551,5,13608,4253,77,81,1
superconductivity,prism_z_random_forest,9.774334378672284,9.409428490216357,10.382494658074672,0.3646830641163816,5.393541021002679,5.187690537025103,5.7004980651511845,0.1927267444908225,0.9184972983810658,0.9082610905448462,0.9256328719663288,0.00638906712411041,5,13608,4253,77,81,1
superconductivity,prism_z_acp_random_forest,9.775814647455558,9.39414672566976,10.388489620672132,0.36914488357397107,5.395283497357743,5.18638042727886,5.691453166610427,0.19047590676870071,0.9184706963498653,0.9081551179190612,0.9258742337204504,0.006453565863578562,5,13608,4253,77,81,1
superconductivity,oracle_mlp,10.002825164794922,9.154122352600098,10.51654052734375,0.5313222504771351,5.672967433929443,5.162213802337647,5.927116870880127,0.3196659884573309,0.9145642638206481,0.9058769345283508,0.9282597303390504,0.008874702937070801,5,13608,4253,77,81,1
superconductivity,prism_z_acp_xgboost,10.075850158009073,9.651162695298687,10.594026996543583,0.3582014338131789,6.072740994082222,5.9150184733831095,6.326121626940488,0.19468143451579645,0.9133978659384262,0.9044848436103118,0.9217627113307236,0.006459790764031373,5,13608,4253,77,81,1
superconductivity,prism_z_xgboost,10.083854525625561,9.654979103747364,10.609931539819268,0.36806243599654004,6.078378546338776,5.926787845301517,6.307202657171855,0.1892539680448794,0.9132556223110807,0.9041978393860266,0.921700823557304,0.006624773347573926,5,13608,4253,77,81,1
superconductivity,simple_mlp,10.221301460266114,9.887704849243164,10.723528861999512,0.3100855038685882,5.891592788696289,5.516471862792969,6.316936016082764,0.3241875121734906,0.9109205961227417,0.90213543176651,0.9163009524345398,0.005501098554011483,5,13608,4253,77,81,1
superconductivity,two_stage_mlp,10.259806060791016,9.611255645751951,10.888534545898438,0.47042937650758515,5.883655834197998,5.4765625,6.318688869476318,0.30376955451267634,0.9101635575294494,0.8991004824638367,0.9209158420562744,0.008263166964925616,5,13608,4253,77,81,1
superconductivity,prism,10.474294853210449,9.541284561157228,12.438676834106444,1.1549105079425281,5.496148681640625,5.343591213226318,5.761187553405762,0.17128834739387097,0.9055457830429077,0.8675421476364136,0.9235340356826782,0.022223050580801443,5,13608,4253,77,81,1
superconductivity,lightgbm,10.55316738534652,10.240674745871171,11.0147048557761,0.28913301295511284,6.645242552264888,6.483760042899875,6.900910147769866,0.16223144701239087,0.9050530421271414,0.8967486189007043,0.9102185644002452,0.005341492799068423,5,13608,4253,77,81,1
superconductivity,ftt_mlp,10.725573856522706,9.891077838520006,11.470552505178391,0.6007152390503575,6.163517533803291,5.814809087308907,6.499730494078381,0.25209750552878696,0.9017421903488542,0.8880255817331781,0.9162438628894004,0.010971340236897154,5,13608,4253,77,81,1
superconductivity,cnn_mlp,11.560000967106552,10.77053050216909,11.814945880525388,0.4441382390649197,7.381143765715943,6.829765978017753,7.632579181527715,0.32923713517821934,0.8860203193288644,0.8804904022680008,0.9006875742216076,0.00841072161013373,5,13608,4253,77,81,1
superconductivity,xgboost,11.747325767784325,11.383152542340596,12.08532023113507,0.26110350986282727,7.845857821576037,7.649756392986673,8.042672264682006,0.14239758343513095,0.8823793265911348,0.8757013345657306,0.8890685955313137,0.005227495136909289,5,13608,4253,77,81,1
wine_quality,prism_z_acp_random_forest,0.6637030204747657,0.6465978746307949,0.6872488517000482,0.01641303729115897,0.48040666039702434,0.4660333298299988,0.5022282076933596,0.014795624814496122,0.4247837139433496,0.3863143996095465,0.4614602200789385,0.026823451715277224,5,4157,1300,10,3,1
wine_quality,prism_z_random_forest,0.664512449757827,0.646919193055156,0.6837204227554862,0.015322399820309016,0.48037948107975065,0.4625282022259814,0.4982230797452476,0.013430262296397598,0.4235457212977586,0.3925997136980844,0.4420438076832284,0.020890980298142573,5,4157,1300,10,3,1
wine_quality,random_forest,0.6672140280361006,0.6526662185524296,0.6897227807655646,0.015719995653961195,0.4844964036212277,0.4694153812347834,0.5079051310278918,0.01468682242695209,0.41877299858140116,0.3818882088862,0.4444609054122571,0.023892536211929643,5,4157,1300,10,3,1
wine_quality,prism_z_acp_lightgbm,0.6756252538238675,0.6531980018156671,0.697509814659235,0.018055256803903512,0.49286770101381155,0.47501417962908,0.5130423523956165,0.016559942586191274,0.40389485679137727,0.3678523421202101,0.4504098530656414,0.029789365456615063,5,4157,1300,10,3,1
wine_quality,prism_z_lightgbm,0.6774911078012011,0.658987433963975,0.7063768909066811,0.0202337016379449,0.4956051222899685,0.4771614595488468,0.5206162482902658,0.01760965041611653,0.40058798418561636,0.3516778597210832,0.4406244115747516,0.032602173609673164,5,4157,1300,10,3,1
wine_quality,lightgbm,0.6903825303468933,0.672947279203301,0.7126080848608346,0.015245565937319424,0.5231177034822281,0.5112253291152684,0.5455710799635716,0.013990676550122276,0.37752463464533953,0.3401892638181919,0.4166740108359621,0.02957150652813143,5,4157,1300,10,3,1
wine_quality,oracle_mlp,0.6937175393104553,0.6763057112693787,0.7155382633209229,0.015148804220940896,0.5322787761688232,0.518004834651947,0.5463942289352417,0.010971651804214425,0.37181419134140015,0.343783438205719,0.3934800624847412,0.019731585175252926,5,4157,1300,10,3,1
wine_quality,prism_z_acp_xgboost,0.6948842152124964,0.6836683665686221,0.7174357082950349,0.014178743123700209,0.5306317275492438,0.5199530505957406,0.5462417574490611,0.011152403284423653,0.3695090250436606,0.3312190951050701,0.3979393903637269,0.02543730934232537,5,4157,1300,10,3,1
wine_quality,prism_z_xgboost,0.69693252096383,0.6830461257363425,0.7235171041968043,0.016818334351122368,0.5315734714494315,0.5182627307382387,0.5532460653705567,0.014581674511690847,0.365765293095244,0.3198331018175216,0.3975054054928484,0.02877166284759022,5,4157,1300,10,3,1
wine_quality,xgboost,0.7102141988164082,0.6912751661616159,0.7368264911700269,0.018730525307333747,0.5502343645624317,0.5344212438491688,0.5760232756660949,0.017039216354116402,0.34132332325793785,0.2945790544867744,0.3844672660941519,0.03229319950739337,5,4157,1300,10,3,1
wine_quality,prism,0.7339487791061401,0.7145975232124329,0.7533972859382629,0.01516796678016284,0.559383225440979,0.525749683380127,0.5830519199371338,0.021050856684177482,0.2968340635299683,0.2624932527542114,0.318779706954956,0.021310949003409237,5,4157,1300,10,3,1
wine_quality,two_stage_mlp,0.7384111046791076,0.7171403169631958,0.7571778297424316,0.015250770993057166,0.569452452659607,0.5490472912788391,0.5926433205604553,0.018158989050821268,0.2882919192314148,0.2550731301307678,0.3066713213920593,0.02012302982425257,5,4157,1300,10,3,1
wine_quality,simple_mlp,0.7416425704956054,0.7223055362701416,0.7623696327209473,0.01814010357030563,0.5687082529067993,0.5524694919586182,0.598823070526123,0.01857175860244442,0.28178391456604,0.2448224425315857,0.3279661536216736,0.03231723099221876,5,4157,1300,10,3,1
wine_quality,cnn_mlp,0.7557794242291553,0.7232292293738872,0.7853616683117662,0.02446195493328529,0.5787622386178389,0.5568271030455584,0.6031837094960886,0.01818012543177554,0.25366175854759504,0.1985853292383175,0.326246269607594,0.04986059331489735,5,4157,1300,10,3,1
wine_quality,ftt_mlp,0.7654141525037274,0.750267436136627,0.7824488481495346,0.011959469420153879,0.5831514910145981,0.572743019375497,0.5916578509306462,0.008448889495586542,0.23524046027797532,0.2045190230553868,0.2514302417218282,0.018402920381190315,5,4157,1300,10,3,1
