dataset,model,mean_rmse,std_rmse,mean_mae,mean_r2,std_r2,n_seeds,n_train,n_test,n_features,n_intermediates,n_targets
ai4i_predictive_maintenance,oracle_mlp,0.06660429462790489,0.0048784640665563124,0.01141497828066349,0.45101548433303834,0.035172418483426254,5,6400,2000,5,3,6
ai4i_predictive_maintenance,prism,0.10079666823148728,0.0037897766562880204,0.023411085084080695,0.025844287499785422,0.008737843244291051,5,6400,2000,5,3,6
ai4i_predictive_maintenance,simple_mlp,0.10085573345422745,0.003793788983191651,0.02356313094496727,0.02482861839234829,0.008552308283745359,5,6400,2000,5,3,6
ai4i_predictive_maintenance,cnn_mlp,0.10087384934191627,0.003820905621481932,0.023640338384699117,0.024723326794804323,0.008338445644769609,5,6400,2000,5,3,6
ai4i_predictive_maintenance,two_stage_mlp,0.10099612325429916,0.0037439578913501296,0.023501749336719512,0.022788313776254655,0.008818423528968498,5,6400,2000,5,3,6
ai4i_predictive_maintenance,ftt_mlp,0.10124780319127005,0.003823355594213446,0.02333861492745343,0.01838459131592483,0.006511123555375106,5,6400,2000,5,3,6
ai4i_predictive_maintenance,xgboost,0.10309353192010143,0.0035001367713379883,0.024617874083203983,-0.02681673856669258,0.023227070836716046,5,6400,2000,5,3,6
ai4i_predictive_maintenance,lightgbm,0.10315990448915627,0.0035554413891875055,0.026287840084201868,-0.02265713415667083,0.011803904792978945,5,6400,2000,5,3,6
ai4i_predictive_maintenance,prism_z_acp_lightgbm,0.10702378705704177,0.0019765140815560375,0.025385529195326672,-0.10927968223933082,0.05156438243183435,5,6400,2000,5,3,6
ai4i_predictive_maintenance,prism_z_lightgbm,0.10707408097097526,0.0019563723222176927,0.025369090432277537,-0.11036054296170228,0.05253810715493457,5,6400,2000,5,3,6
ai4i_predictive_maintenance,prism_z_acp_xgboost,0.10744662545819657,0.0015291540389190605,0.02308858081130679,-0.14147270065718484,0.07915548015837062,5,6400,2000,5,3,6
ai4i_predictive_maintenance,prism_z_xgboost,0.10749176503141825,0.001484330347401313,0.023136138025951415,-0.14805341959273496,0.08687774488467495,5,6400,2000,5,3,6
ai4i_predictive_maintenance,random_forest,0.11164548584200132,0.00276453063946932,0.023201708314702887,-0.2070036046059517,0.04285884493219139,5,6400,2000,5,3,6
ai4i_predictive_maintenance,prism_z_acp_random_forest,0.11252543573873004,0.0016584590984027661,0.02324834422167902,-0.23285917862261202,0.09574864217320922,5,6400,2000,5,3,6
ai4i_predictive_maintenance,prism_z_random_forest,0.11257603119147866,0.001644451991276676,0.023273323529104436,-0.2350962281367972,0.097324358465603,5,6400,2000,5,3,6
airfoil_self_noise,prism,1.5134297609329224,0.09638838475970588,1.0862806558609008,0.9504323124885559,0.006938072539103861,5,961,301,4,1,1
airfoil_self_noise,cnn_mlp,1.639425841717341,0.12969619053098938,1.195561750303019,0.9420454912252362,0.007418857908380235,5,961,301,4,1,1
airfoil_self_noise,ftt_mlp,2.013809525603553,0.23532959862196007,1.4572552184471,0.9123797127314092,0.01677271252869343,5,961,301,4,1,1
airfoil_self_noise,random_forest,2.122455398940306,0.24790854994033418,1.5445100797227913,0.9020266103678962,0.02142446739799721,5,961,301,4,1,1
airfoil_self_noise,lightgbm,2.2888789116593546,0.21590745750472445,1.6603946049108227,0.8863081204917194,0.021755504680488907,5,961,301,4,1,1
airfoil_self_noise,prism_z_acp_lightgbm,2.3310473340641464,0.25747636144181363,1.6436899672026293,0.8826713581070769,0.020214466804648494,5,961,301,4,1,1
airfoil_self_noise,prism_z_lightgbm,2.362591215426909,0.26110892954442,1.670381862047871,0.8794962237693351,0.020654202318372915,5,961,301,4,1,1
airfoil_self_noise,oracle_mlp,2.3768958568573,0.18742214341782093,1.7439293384552002,0.8771369099617005,0.02308742404457331,5,961,301,4,1,1
airfoil_self_noise,xgboost,2.427992952078224,0.1853588162440628,1.8202604522547858,0.8716747240647482,0.02543589351644826,5,961,301,4,1,1
airfoil_self_noise,prism_z_acp_xgboost,2.4438349950017537,0.263581390791674,1.7950846100979512,0.8709024477108297,0.022789970875883064,5,961,301,4,1,1
airfoil_self_noise,prism_z_acp_random_forest,2.494047958532259,0.30041314791708995,1.8115356069065647,0.865438235521772,0.026363585929910886,5,961,301,4,1,1
airfoil_self_noise,prism_z_xgboost,2.4954260864444144,0.24268784225593568,1.836069746097539,0.8654567357576604,0.021642962693852377,5,961,301,4,1,1
airfoil_self_noise,prism_z_random_forest,2.498109304633456,0.30067137478101214,1.820210865012708,0.8650027121079109,0.026469091494436305,5,961,301,4,1,1
airfoil_self_noise,two_stage_mlp,2.6181175231933596,0.21698549873399872,1.854206347465515,0.8517207622528076,0.02457295297535047,5,961,301,4,1,1
airfoil_self_noise,simple_mlp,3.066904401779175,0.21447474823557527,2.194262981414795,0.7967238903045655,0.028912005819051838,5,961,301,4,1,1
average_localization_error,prism_z_random_forest,0.2733781213404688,0.1125743028654724,0.20146600625371835,0.486600666746478,0.11144205502859238,5,68,22,3,1,1
average_localization_error,lightgbm,0.2738108443310427,0.11291429564674112,0.19476122017536485,0.4847936495653622,0.08297014143239886,5,68,22,3,1,1
average_localization_error,prism_z_acp_random_forest,0.2741617735720755,0.11210143386681502,0.20169851074895492,0.483119977391805,0.10976566028186065,5,68,22,3,1,1
average_localization_error,random_forest,0.279574467956883,0.11047996081231642,0.2060980930439016,0.4609545763411485,0.09011235856756047,5,68,22,3,1,1
average_localization_error,prism_z_acp_lightgbm,0.28058781571433644,0.11989109285612543,0.20609680583491463,0.4611812630865863,0.1195611609362582,5,68,22,3,1,1
average_localization_error,prism_z_lightgbm,0.28203926194697904,0.11935315990231585,0.20684531240667664,0.45520313460048395,0.11948507811688017,5,68,22,3,1,1
average_localization_error,xgboost,0.28514271497259663,0.10297471646409775,0.20952079259207657,0.42629506629727,0.12664805301852342,5,68,22,3,1,1
average_localization_error,oracle_mlp,0.28844515681266786,0.06843445516695863,0.20145629942417145,0.370543372631073,0.18435173669700905,5,68,22,3,1,1
average_localization_error,ftt_mlp,0.2903495391196363,0.11083243684716357,0.21235936575627967,0.4065807408557752,0.14314071135748996,5,68,22,3,1,1
average_localization_error,prism_z_xgboost,0.2948919440484016,0.10664436392617865,0.21767237351218421,0.38961462775718403,0.10609359376111915,5,68,22,3,1,1
average_localization_error,prism_z_acp_xgboost,0.2958199555863542,0.10898946651193409,0.21803150100918872,0.388648895046017,0.09721188477880588,5,68,22,3,1,1
average_localization_error,cnn_mlp,0.29863037361376504,0.10587449190671555,0.21331608702697785,0.3610442246551933,0.16027818002342836,5,68,22,3,1,1
average_localization_error,prism,0.3008369028568268,0.10595462424129155,0.23508215844631195,0.3501654028892517,0.17637933334324835,5,68,22,3,1,1
average_localization_error,two_stage_mlp,0.3054808884859085,0.08913158557460489,0.22919971644878387,0.32191928625106814,0.13306365422640656,5,68,22,3,1,1
average_localization_error,simple_mlp,0.30774750709533694,0.10507337775769504,0.2314675271511078,0.3318169593811035,0.07182387083725776,5,68,22,3,1,1
concrete_slump_test,simple_mlp,2.52553551197052,0.5733172291957089,1.9932696342468261,0.8897666335105896,0.07132165439773377,5,65,21,7,2,1
concrete_slump_test,prism,2.5300546646118165,0.382729533235298,1.98775475025177,0.8959560751914978,0.046199845581657364,5,65,21,7,2,1
concrete_slump_test,two_stage_mlp,2.640975093841553,0.6831591048358788,1.994923210144043,0.876653254032135,0.08837404651359303,5,65,21,7,2,1
concrete_slump_test,oracle_mlp,2.867056202888489,1.0802271868406188,2.315611982345581,0.8427547574043274,0.1489297431741511,5,65,21,7,2,1
concrete_slump_test,prism_z_xgboost,3.1937450093939965,0.6146472826683101,2.5401920845539516,0.8313075105027459,0.08288369883096736,5,65,21,7,2,1
concrete_slump_test,prism_z_acp_xgboost,3.2648203360339503,0.5388792910916784,2.5532731770934722,0.8252070866816237,0.07577992934053696,5,65,21,7,2,1
concrete_slump_test,prism_z_acp_lightgbm,3.2943229708351884,0.5013086301625802,2.5522365487089376,0.8193555523637593,0.08762570732743755,5,65,21,7,2,1
concrete_slump_test,prism_z_lightgbm,3.3210327825479276,0.5329251978137886,2.559808558799638,0.815572719127875,0.09160933018053456,5,65,21,7,2,1
concrete_slump_test,xgboost,3.725587772129085,0.7753385925881807,2.815055401812361,0.7766020882991004,0.08301786593859649,5,65,21,7,2,1
concrete_slump_test,prism_z_acp_random_forest,3.8655909995690494,0.6212029393087962,3.0211707264452476,0.7583664856259872,0.0954170083218239,5,65,21,7,2,1
concrete_slump_test,prism_z_random_forest,3.877473603502088,0.6684193718035243,3.059810705949343,0.7554075547752694,0.10288246958346839,5,65,21,7,2,1
concrete_slump_test,random_forest,4.226851230633651,0.35723954077224784,3.2249536368477165,0.7172919567551945,0.06803559931548564,5,65,21,7,2,1
concrete_slump_test,lightgbm,4.538555471025619,0.6916242954013904,3.829823994222617,0.6649078084828414,0.12177934032501915,5,65,21,7,2,1
concrete_slump_test,cnn_mlp,4.614591991292493,0.9474132765866106,3.364445744005161,0.6357536609825224,0.19515772063491643,5,65,21,7,2,1
concrete_slump_test,ftt_mlp,4.675699238145802,0.9023197794537254,3.7987865234526046,0.6305316299424841,0.20318904971431032,5,65,21,7,2,1
electrical_grid_stability,oracle_mlp,0.0065146336331963536,0.00022672448046956933,0.004007726488634944,0.9688099026679993,0.0017880802005682795,5,6400,2000,3,9,1
electrical_grid_stability,ftt_mlp,0.032567696600098624,0.0005825771028958437,0.02722417514246327,0.22089967710164168,0.01303212324354768,5,6400,2000,3,9,1
electrical_grid_stability,prism,0.03257518857717514,0.0005411511102010746,0.02722395323216915,0.22047802209854125,0.015460450748713604,5,6400,2000,3,9,1
electrical_grid_stability,cnn_mlp,0.03258118031227224,0.0005230743262649094,0.027244956209016107,0.2202187663297373,0.012816448462177782,5,6400,2000,3,9,1
electrical_grid_stability,simple_mlp,0.03264332041144371,0.0006204069827960434,0.027307798340916633,0.21729992628097533,0.013321321234265366,5,6400,2000,3,9,1
electrical_grid_stability,two_stage_mlp,0.03265825212001801,0.0005730330797837079,0.02730209119617939,0.21655375957489015,0.013058320052021224,5,6400,2000,3,9,1
electrical_grid_stability,xgboost,0.03288786283047106,0.0005384439571487669,0.02752032897718538,0.20547636115572354,0.013100981900728082,5,6400,2000,3,9,1
electrical_grid_stability,prism_z_acp_xgboost,0.03298351846085949,0.0006247455959728851,0.027551969737715714,0.2008906535342608,0.0141543367195126,5,6400,2000,3,9,1
electrical_grid_stability,prism_z_xgboost,0.03306443023471818,0.0006433329291015442,0.02758102173774063,0.19699077930171324,0.013308400622896866,5,6400,2000,3,9,1
electrical_grid_stability,lightgbm,0.03363040006077212,0.0006395258021285864,0.028071448751317635,0.1689575028726517,0.02872140373044496,5,6400,2000,3,9,1
electrical_grid_stability,prism_z_acp_lightgbm,0.033658007982542024,0.0006032532077626116,0.027946260406273283,0.16782467793542138,0.016340306628852858,5,6400,2000,3,9,1
electrical_grid_stability,prism_z_lightgbm,0.033710269088320706,0.0005444796837438182,0.028024495798005634,0.1652352327274877,0.013870836890063003,5,6400,2000,3,9,1
electrical_grid_stability,prism_z_acp_random_forest,0.03392558697429808,0.0005657831932585083,0.028114538990539183,0.15454182772194033,0.014580211983976785,5,6400,2000,3,9,1
electrical_grid_stability,prism_z_random_forest,0.03393713801277522,0.0006262680144029916,0.02814217937273409,0.1540152924531132,0.01407031149694914,5,6400,2000,3,9,1
electrical_grid_stability,random_forest,0.03412058830357577,0.0006268989091420514,0.028395681527736184,0.14475568553771384,0.0197569115290112,5,6400,2000,3,9,1
energy_efficiency,prism,0.9864282250404358,0.11471096249631615,0.6602349519729614,0.9889649987220764,0.0021598950435104693,5,491,154,8,1,1
energy_efficiency,xgboost,1.1867376306438169,0.11152154214486201,0.7704590246976365,0.9840681216862996,0.0025515054055129335,5,491,154,8,1,1
energy_efficiency,lightgbm,1.2051091047352205,0.12374688967986812,0.8186663114452717,0.9835347990971373,0.0030258538506935917,5,491,154,8,1,1
energy_efficiency,oracle_mlp,1.2736500740051269,0.09409295463532381,0.890817129611969,0.9815826296806336,0.0028578225782314322,5,491,154,8,1,1
energy_efficiency,simple_mlp,1.346858763694763,0.11991276952305926,0.9243097305297852,0.97947758436203,0.0031063349599323386,5,491,154,8,1,1
energy_efficiency,cnn_mlp,1.4444564405710665,0.055246408627310284,0.992930659023247,0.9764695301627941,0.0011645103179949664,5,491,154,8,1,1
energy_efficiency,prism_z_acp_lightgbm,1.5171566148807467,0.14694637046082779,0.9595881805477517,0.973972337649551,0.004116427033205086,5,491,154,8,1,1
energy_efficiency,prism_z_acp_xgboost,1.5305677826822504,0.14511475871800233,0.9870271305256191,0.9734583690312381,0.004583774177946374,5,491,154,8,1,1
energy_efficiency,prism_z_xgboost,1.58928861373609,0.07094784118505126,1.0328551876809755,0.9715165276147365,0.0016608578556662865,5,491,154,8,1,1
energy_efficiency,prism_z_lightgbm,1.6081533784442297,0.11344695538850581,1.0250635338527772,0.9707407489238215,0.003739551980224082,5,491,154,8,1,1
energy_efficiency,two_stage_mlp,1.626368474960327,0.672859090822093,1.17126407623291,0.9659945607185364,0.031212666269333427,5,491,154,8,1,1
energy_efficiency,random_forest,1.77524360419302,0.1691634604073542,1.0980066888825315,0.9641717576831944,0.006637124823318101,5,491,154,8,1,1
energy_efficiency,prism_z_acp_random_forest,1.7963559559051443,0.16700267995447832,1.1608306046120414,0.9634509463019828,0.006115769731471085,5,491,154,8,1,1
energy_efficiency,prism_z_random_forest,1.9226183148738385,0.1007655023680632,1.2374581845503692,0.9582376953427889,0.004067430170334806,5,491,154,8,1,1
energy_efficiency,ftt_mlp,2.567687843304889,0.13981139913106513,1.9817421907308308,0.9255694629396214,0.006590543013105035,5,491,154,8,1,1
gas_sensor_drift_concentration,oracle_mlp,3.8468053340911865,0.654394996292599,1.6259014129638671,0.9885897517204285,0.0018868213206866726,5,8902,2782,33,96,7
gas_sensor_drift_concentration,prism_z_acp_random_forest,4.205159971240735,0.7803557105177702,1.2368157969021958,0.9807470895206576,0.001605601981177689,5,8902,2782,33,96,7
gas_sensor_drift_concentration,prism_z_acp_lightgbm,4.234750412574393,0.7727340644734199,1.490044004033556,0.9805791087871671,0.0022796000805794464,5,8902,2782,33,96,7
gas_sensor_drift_concentration,prism_z_acp_xgboost,4.297386603606588,0.7746950476302915,1.8034462276287186,0.9801356653776778,0.00244131451965381,5,8902,2782,33,96,7
gas_sensor_drift_concentration,prism_z_lightgbm,4.3686682800092305,0.7230225208670428,1.5577832586000486,0.9802449494165932,0.0019430524971627793,5,8902,2782,33,96,7
gas_sensor_drift_concentration,prism_z_random_forest,4.3742796010929395,0.8053633120784475,1.3403775108531928,0.98059728327685,0.0018104686833580565,5,8902,2782,33,96,7
gas_sensor_drift_concentration,two_stage_mlp,4.398755931854248,0.4922630788238595,1.986661148071289,0.981279456615448,0.003016716254137379,5,8902,2782,33,96,7
gas_sensor_drift_concentration,prism_z_xgboost,4.500629195507437,0.7466798130353377,1.9175544576258567,0.9798181369358258,0.002429296471357128,5,8902,2782,33,96,7
gas_sensor_drift_concentration,simple_mlp,4.50499382019043,0.6275395706271364,1.9431408882141112,0.9835773706436157,0.0028676282086106124,5,8902,2782,33,96,7
gas_sensor_drift_concentration,prism,4.572245407104492,0.2631920318384253,1.4837155103683473,0.9853190064430237,0.0011971879789897783,5,8902,2782,33,96,7
gas_sensor_drift_concentration,lightgbm,4.651514327613816,0.6633912971911095,1.952629897255616,0.9617843278460791,0.0023092410929478283,5,8902,2782,33,96,7
gas_sensor_drift_concentration,cnn_mlp,5.2576588969642195,0.6106153406863812,2.4349187004355164,0.9689406439723574,0.001421042666643741,5,8902,2782,33,96,7
gas_sensor_drift_concentration,random_forest,5.2675823951211305,0.9142473942622057,1.6523418761643682,0.9599809353776235,0.0024769029648973005,5,8902,2782,33,96,7
gas_sensor_drift_concentration,xgboost,5.294772123239704,0.5758057877597502,2.6322311102388096,0.941323086044212,0.0012034609850104189,5,8902,2782,33,96,7
gas_sensor_drift_concentration,ftt_mlp,5.491779838759507,0.8576080531952408,2.4617865787559383,0.9672641238212532,0.007701084683540688,5,8902,2782,33,96,7
gas_sensor_flow_modulation,prism,0.051420503109693524,0.07067562897545496,0.030507941730320454,0.8719076335430145,0.2674284549229466,5,36,12,30,432,2
gas_sensor_flow_modulation,simple_mlp,0.06017136014997959,0.0880407561489185,0.039512818306684495,0.4756762862205505,1.1578845116895857,5,36,12,30,432,2
gas_sensor_flow_modulation,ftt_mlp,0.07152227109535476,0.08135028333463962,0.0414299343609069,0.8302095993659602,0.3037991411671556,5,36,12,30,432,2
gas_sensor_flow_modulation,oracle_mlp,0.07267013639211654,0.033757350581444474,0.04415200352668762,0.8520830869674683,0.14117983965901626,5,36,12,30,432,2
gas_sensor_flow_modulation,xgboost,0.08325593604826473,0.08786454097611174,0.039494867433980604,0.7964072938012482,0.287308612839875,5,36,12,30,432,2
gas_sensor_flow_modulation,two_stage_mlp,0.08648735135793686,0.10301718735676688,0.04981306828558445,-0.022598910331726074,2.2123891439256265,5,36,12,30,432,2
gas_sensor_flow_modulation,prism_z_xgboost,0.11011713848869673,0.07111942077921848,0.062021743665534035,0.6885054671839084,0.3727110017862431,5,36,12,30,432,2
gas_sensor_flow_modulation,prism_z_acp_random_forest,0.11182968595678802,0.07527195396208727,0.07003611225569305,0.47572621940153237,0.9566079049027334,5,36,12,30,432,2
gas_sensor_flow_modulation,prism_z_random_forest,0.11206223328707907,0.06337028737326295,0.07165277928528858,0.6224749292549203,0.6424339779587747,5,36,12,30,432,2
gas_sensor_flow_modulation,prism_z_acp_xgboost,0.11281364402832321,0.07366031332698969,0.06070398793040854,0.6395841499870398,0.4228817048675237,5,36,12,30,432,2
gas_sensor_flow_modulation,random_forest,0.12175623505670466,0.07043378968299317,0.06733055602650379,0.6984152682242954,0.36984761666475,5,36,12,30,432,2
gas_sensor_flow_modulation,cnn_mlp,0.21141906672679597,0.11555485741942281,0.14599175847444842,-3.244478805986956,8.064734390550043,5,36,12,30,432,2
gas_sensor_flow_modulation,lightgbm,0.2973292879003622,0.04094131870261232,0.23240741043291227,-1.7728842898831423,3.7508030536022186,5,36,12,30,432,2
gas_sensor_flow_modulation,prism_z_acp_lightgbm,0.2973292879003622,0.04094131870261232,0.23240741043291227,-1.7728842898831423,3.7508030536022186,5,36,12,30,432,2
gas_sensor_flow_modulation,prism_z_lightgbm,0.2973292879003622,0.04094131870261232,0.23240741043291227,-1.7728842898831423,3.7508030536022186,5,36,12,30,432,2
gas_turbine_co_nox,oracle_mlp,7.166654109954834,0.32721205547612514,5.91910982131958,0.024744778871536255,0.06914435385150494,5,17752,14542,4,5,2
gas_turbine_co_nox,xgboost,7.858470102594941,0.0419801828772511,6.574023820852238,-0.25831336901660695,0.011406166865530198,5,17752,14542,4,5,2
gas_turbine_co_nox,prism_z_xgboost,7.9015289859573254,0.037898367640303555,6.646443084510215,-0.28381981894765,0.010022680876896626,5,17752,14542,4,5,2
gas_turbine_co_nox,lightgbm,7.943711128001526,0.040118648134536174,6.605998943099945,-0.29028612563022776,0.011529292189231669,5,17752,14542,4,5,2
gas_turbine_co_nox,prism_z_lightgbm,8.000595300548795,0.056112845287310587,6.682387941602426,-0.3197862232915256,0.01911144618251238,5,17752,14542,4,5,2
gas_turbine_co_nox,ftt_mlp,8.046746352558552,0.21312179803206097,6.52580887298363,-0.36742743341413747,0.07479620127187805,5,17752,14542,4,5,2
gas_turbine_co_nox,prism_z_random_forest,8.075614265707687,0.06402172346933929,6.748727381465271,-0.34037665341577267,0.02307138371561178,5,17752,14542,4,5,2
gas_turbine_co_nox,random_forest,8.100323356313575,0.04558742818412753,6.72933729554565,-0.3434833895639661,0.0149654968132372,5,17752,14542,4,5,2
gas_turbine_co_nox,prism_z_acp_xgboost,8.141774430099701,0.05289597881924813,6.761563141360459,-0.3900870467471001,0.015541272245316986,5,17752,14542,4,5,2
gas_turbine_co_nox,prism,8.163525581359863,0.09104140940876454,6.681024169921875,-0.39000293612480164,0.03824362308109988,5,17752,14542,4,5,2
gas_turbine_co_nox,prism_z_acp_lightgbm,8.192448449052884,0.06389251192027887,6.76436538660618,-0.40409387266045604,0.020552392956666686,5,17752,14542,4,5,2
gas_turbine_co_nox,simple_mlp,8.213270950317384,0.09004795874091809,6.726893138885498,-0.40943923592567444,0.03846961029632382,5,17752,14542,4,5,2
gas_turbine_co_nox,prism_z_acp_random_forest,8.254027079952383,0.070908123830284,6.821669886111404,-0.4320279377217194,0.01857506392298279,5,17752,14542,4,5,2
gas_turbine_co_nox,two_stage_mlp,8.29315242767334,0.09238866851524563,6.74857120513916,-0.46251095533370973,0.041560004454092185,5,17752,14542,4,5,2
gas_turbine_co_nox,cnn_mlp,8.33469317134277,0.09166611015708279,6.781727471201384,-0.45101384596565763,0.03993404494231377,5,17752,14542,4,5,2
hydraulic_systems,oracle_mlp,1.7691632747650146,0.24706370596366997,1.1317551851272583,0.9820406317710877,0.00451812640469251,5,1411,441,23,44,4
hydraulic_systems,xgboost,2.0879399746843754,0.3751337232689172,0.9372185221145417,0.9769237774228404,0.0016138650475836542,5,1411,441,23,44,4
hydraulic_systems,prism,2.0963537216186525,0.3347708683510281,1.0680667877197265,0.9812351703643799,0.0012631884213659117,5,1411,441,23,44,4
hydraulic_systems,lightgbm,2.18668636912622,0.2481103458220967,0.9603382494884334,0.9788980171960253,0.0015827584102629693,5,1411,441,23,44,4
hydraulic_systems,two_stage_mlp,2.1987763404846192,0.28365719723854144,1.2607133626937865,0.9777345180511474,0.0027517054157176865,5,1411,441,23,44,4
hydraulic_systems,prism_z_acp_xgboost,2.2829606321858122,0.5184465957502851,0.9374321670522526,0.9711748201494105,0.003712858815253132,5,1411,441,23,44,4
hydraulic_systems,simple_mlp,2.3259887218475344,0.3114237971266657,1.4055359363555908,0.9759294867515564,0.0017157594805550526,5,1411,441,23,44,4
hydraulic_systems,prism_z_lightgbm,2.4051637920440916,0.5131513992660448,1.0106901858499857,0.9706871037837832,0.003855643278762965,5,1411,441,23,44,4
hydraulic_systems,prism_z_xgboost,2.4108978353612383,0.5494235976245617,0.9951650867617531,0.9697091162590696,0.0036307319829150093,5,1411,441,23,44,4
hydraulic_systems,random_forest,2.452596961770511,0.2519068955757477,0.8800567966608005,0.9743068753185163,0.0017742600265822914,5,1411,441,23,44,4
hydraulic_systems,prism_z_acp_lightgbm,2.4746077171631233,0.2990571782863796,0.9051779868480267,0.9713584433934471,0.003827568143322535,5,1411,441,23,44,4
hydraulic_systems,prism_z_acp_random_forest,2.5263119029124756,0.4884856733349565,1.1880223691830918,0.9627288831379713,0.0045573257811959205,5,1411,441,23,44,4
hydraulic_systems,prism_z_random_forest,2.7060190288951746,0.39501440272842814,1.243298600082444,0.962594733344013,0.004417027418204077,5,1411,441,23,44,4
hydraulic_systems,ftt_mlp,3.2890821409743793,0.2717865003622673,1.7154182133672766,0.9293899369825509,0.008738228688107376,5,1411,441,23,44,4
hydraulic_systems,cnn_mlp,3.357745502709439,0.2957915220847605,2.133157555980266,0.9355391019736586,0.007236217049888203,5,1411,441,23,44,4
naval_propulsion,oracle_mlp,0.010237516090273856,0.0011749598451112713,0.008658547513186931,0.12296456098556519,0.14782925678466988,5,6630,2652,2,12,2
naval_propulsion,lightgbm,0.011109801035018296,0.0,0.009622549273250668,4.3589461373727545e-08,0.0,5,6630,2652,2,12,2
naval_propulsion,random_forest,0.011109816878876338,9.329169522507961e-09,0.009622752133583434,-2.9296515534182886e-06,2.0582867981781162e-06,5,6630,2652,2,12,2
naval_propulsion,ftt_mlp,0.011109831220690397,3.4841659819881e-08,0.009622815548292873,-5.146851436332866e-06,4.97452111366327e-06,5,6630,2652,2,12,2
naval_propulsion,xgboost,0.011109843612329244,1.70112392821295e-08,0.009622946190929288,-7.403973150665877e-06,3.0593476111264486e-06,5,6630,2652,2,12,2
naval_propulsion,cnn_mlp,0.011109909279165246,7.365857855574742e-08,0.009623116332309816,-1.837817848628909e-05,1.3433912081532664e-05,5,6630,2652,2,12,2
naval_propulsion,simple_mlp,0.011130017228424549,3.58166569910922e-05,0.009636260941624642,-0.0028078675270080565,0.004896398377660983,5,6630,2652,2,12,2
naval_propulsion,two_stage_mlp,0.011147556453943252,3.823956366992969e-05,0.00964437574148178,-0.007871901988983155,0.008588100441982865,5,6630,2652,2,12,2
naval_propulsion,prism,0.01118802409619093,4.837372722456152e-05,0.009667571634054184,-0.013299560546875,0.00872770507542078,5,6630,2652,2,12,2
naval_propulsion,prism_z_random_forest,0.011739417389394182,0.0005488213560400386,0.010012302927693562,-0.091458690954158,0.08296443009338036,5,6630,2652,2,12,2
naval_propulsion,prism_z_acp_random_forest,0.01174089559530189,0.0005917901851082266,0.010015145055150892,-0.09203297928857428,0.08996109956580844,5,6630,2652,2,12,2
naval_propulsion,prism_z_acp_xgboost,0.01226799821684148,0.0008581005421519949,0.01036797457637811,-0.17524916591739692,0.14196096577114145,5,6630,2652,2,12,2
naval_propulsion,prism_z_xgboost,0.012305166589967826,0.0008677182982663816,0.01039349245329077,-0.1812527428247604,0.14396837478165786,5,6630,2652,2,12,2
naval_propulsion,prism_z_lightgbm,0.012684359442286899,0.0006186474978259796,0.010641946147815943,-0.2396963133233488,0.1029187653850695,5,6630,2652,2,12,2
naval_propulsion,prism_z_acp_lightgbm,0.012897434519227143,0.0005590152022731214,0.010790989411478939,-0.27474644033284684,0.09477004760847467,5,6630,2652,2,12,2
occupancy_detection,oracle_mlp,0.19874663650989532,0.031926855576251106,0.06347436010837555,0.7810153603553772,0.07074751313569554,5,6514,12417,4,5,1
occupancy_detection,ftt_mlp,0.23465553566773178,0.003499713225365988,0.06746092960255724,0.7008572353382697,0.008886715182760506,5,6514,12417,4,5,1
occupancy_detection,simple_mlp,0.2381332963705063,0.005732986061444212,0.07108656615018845,0.6918365359306335,0.014893730812860544,5,6514,12417,4,5,1
occupancy_detection,prism_z_acp_random_forest,0.24007381818061863,0.004080655828618359,0.06619012168772126,0.6868664603684931,0.010642838992018596,5,6514,12417,4,5,1
occupancy_detection,prism_z_acp_xgboost,0.24038427736683574,0.0039099493206716015,0.06653340570225438,0.6860621738750403,0.010253262987558964,5,6514,12417,4,5,1
occupancy_detection,prism_z_acp_lightgbm,0.24061295436940347,0.0035335308350040897,0.06916783081728613,0.6854768947928195,0.00926596753650475,5,6514,12417,4,5,1
occupancy_detection,prism_z_random_forest,0.24077079109707453,0.0029867793143964895,0.06711559454494703,0.6850796816820754,0.007805295333016278,5,6514,12417,4,5,1
occupancy_detection,prism_z_xgboost,0.2410438993629242,0.0031190747216633887,0.06829668552929077,0.6843614210149036,0.008205602699482766,5,6514,12417,4,5,1
occupancy_detection,prism,0.24144046306610106,0.003927494191419245,0.06969678103923797,0.6832973599433899,0.010288909035559304,5,6514,12417,4,5,1
occupancy_detection,prism_z_lightgbm,0.2422194316394763,0.003130023322870136,0.06968208377576633,0.6812753930080873,0.008270236539237199,5,6514,12417,4,5,1
occupancy_detection,two_stage_mlp,0.24296033680438994,0.004494814372402299,0.0675480455160141,0.6792775988578796,0.011864988635840752,5,6514,12417,4,5,1
occupancy_detection,xgboost,0.24444884754070664,0.0012574633384494793,0.10524576810560356,0.6754177234390463,0.0033434526538540063,5,6514,12417,4,5,1
occupancy_detection,random_forest,0.2510889685952783,0.0005134304959374751,0.06675559805412261,0.65755065618715,0.0014010683011130406,5,6514,12417,4,5,1
occupancy_detection,cnn_mlp,0.26378850155332034,0.03774235423836299,0.08216850295764558,0.6158452557207376,0.11620643796217553,5,6514,12417,4,5,1
occupancy_detection,lightgbm,0.26899748088140674,0.005808199698862304,0.10939136876366144,0.6068140452982357,0.017058958432673906,5,6514,12417,4,5,1
robot_execution_failures,prism,0.19325631558895112,0.00329761581831706,0.0984289214015007,-10351421286.4,7127086069.71584,5,296,93,6,12,16
robot_execution_failures,oracle_mlp,0.19573553204536437,0.00509211351625927,0.10358644723892212,-14142677760.0,6550632901.817763,5,296,93,6,12,16
robot_execution_failures,simple_mlp,0.19755550920963288,0.006240155583825432,0.10240948498249054,-8844227916.8,5556369936.546325,5,296,93,6,12,16
robot_execution_failures,ftt_mlp,0.19787616965410434,0.0042494360354116915,0.10086129256107668,-10830748818.618977,7561395161.202366,5,296,93,6,12,16
robot_execution_failures,two_stage_mlp,0.19823787212371827,0.004398529826074867,0.10462397336959839,-8728592678.4,4627642756.515534,5,296,93,6,12,16
robot_execution_failures,cnn_mlp,0.2036024451995099,0.006310811505332084,0.10585695742182624,-5394474232.811819,3692753078.47859,5,296,93,6,12,16
robot_execution_failures,lightgbm,0.21788955934949722,0.004111038031377613,0.09738370900896527,-37079120310.72255,27135091877.770172,5,296,93,6,12,16
robot_execution_failures,prism_z_random_forest,0.21897635133385934,0.003190579813388346,0.08757798343662658,-50159708436.5806,26428554284.100563,5,296,93,6,12,16
robot_execution_failures,prism_z_acp_random_forest,0.2190485188061011,0.003428635921530527,0.08704620207970487,-49273059376.027725,25291307582.98922,5,296,93,6,12,16
robot_execution_failures,random_forest,0.22036735428371315,0.0034496773378837006,0.08727280229135632,-50861726228.62007,32429291549.97116,5,296,93,6,12,16
robot_execution_failures,prism_z_acp_lightgbm,0.2291653708192994,0.0024343626251799835,0.09227121676453681,-49586263995.7549,37451110927.81024,5,296,93,6,12,16
robot_execution_failures,prism_z_lightgbm,0.22917158308526409,0.0024484887229192336,0.09277020622125842,-49608833310.13288,37245367844.20445,5,296,93,6,12,16
robot_execution_failures,prism_z_xgboost,0.23852852069480118,0.005935755137439223,0.09386115525927584,-84567279084.0708,63928604196.72816,5,296,93,6,12,16
robot_execution_failures,prism_z_acp_xgboost,0.23910003875532823,0.005209398837759822,0.0943019298974317,-88744391314.8101,66207670714.68789,5,296,93,6,12,16
robot_execution_failures,xgboost,0.24134677641596142,0.003227301318310503,0.09555603120965357,-91978786900.43794,72209800473.00224,5,296,93,6,12,16
room_occupancy_estimation,prism_z_random_forest,0.05074680804545735,0.011522630205643362,0.004884673655593591,0.9966471672753816,0.001434497680104021,5,6482,2026,4,16,1
room_occupancy_estimation,prism_z_acp_lightgbm,0.05197168180631386,0.010758762829480913,0.0072203084087532595,0.9965054190703139,0.0013872534750484933,5,6482,2026,4,16,1
room_occupancy_estimation,prism_z_lightgbm,0.05201563993110857,0.011105229743031764,0.007221396616525336,0.9965033026862974,0.0013297614381552268,5,6482,2026,4,16,1
room_occupancy_estimation,prism_z_xgboost,0.053987704084237545,0.013764058073152924,0.0074792056016954895,0.9961724579899409,0.0017791684237748807,5,6482,2026,4,16,1
room_occupancy_estimation,prism_z_acp_random_forest,0.05443152998017773,0.015653819353758813,0.004997572486617962,0.9960581086237685,0.002124180897073996,5,6482,2026,4,16,1
room_occupancy_estimation,prism_z_acp_xgboost,0.054929317845872,0.010961653378736879,0.0070128142558772005,0.996103075871314,0.001484498605599124,5,6482,2026,4,16,1
room_occupancy_estimation,two_stage_mlp,0.056535737961530684,0.02790578921417276,0.013394660502672195,0.9951090931892395,0.005401956659093575,5,6482,2026,4,16,1
room_occupancy_estimation,random_forest,0.062034902718464645,0.014084280365681694,0.005947973711131043,0.9949293982292298,0.002448097440918991,5,6482,2026,4,16,1
room_occupancy_estimation,lightgbm,0.07537966186441497,0.016144137615039172,0.020699483623234573,0.9926393775459023,0.002853698962776707,5,6482,2026,4,16,1
room_occupancy_estimation,oracle_mlp,0.0755846805870533,0.02537290228837154,0.02280881591141224,0.992216169834137,0.0053520767360067814,5,6482,2026,4,16,1
room_occupancy_estimation,prism,0.08822598457336425,0.002861144369833,0.02785288989543915,0.9901883959770202,0.0007571299899327889,5,6482,2026,4,16,1
room_occupancy_estimation,cnn_mlp,0.09748530538010662,0.01819720977349582,0.031664111098043214,0.9877799471655996,0.0041436934059031144,5,6482,2026,4,16,1
room_occupancy_estimation,xgboost,0.09770758893643056,0.014523647107575092,0.045977105140253396,0.9877538233601199,0.003818302737985757,5,6482,2026,4,16,1
room_occupancy_estimation,ftt_mlp,0.11042104172878223,0.015220637695377563,0.04504094469857667,0.9844142636498336,0.004486404309326523,5,6482,2026,4,16,1
room_occupancy_estimation,simple_mlp,0.12840803265571593,0.004980869057038994,0.05010159686207771,0.9792015671730041,0.0019450582306893879,5,6482,2026,4,16,1
sensorless_drive_diagnosis,oracle_mlp,0.021785514056682588,0.002159412413316086,0.0023384253261610867,0.9928618788719177,0.0013776692086133718,5,37445,11702,16,32,11
sensorless_drive_diagnosis,simple_mlp,0.03676018342375755,0.0020229676385162283,0.0049683268181979654,0.978711974620819,0.002055562870862497,5,37445,11702,16,32,11
sensorless_drive_diagnosis,prism,0.03808327242732048,0.0033474709013775025,0.006729037873446942,0.9776827335357666,0.0032098269036227897,5,37445,11702,16,32,11
sensorless_drive_diagnosis,lightgbm,0.04032611191738829,0.0006018012034443089,0.007944737999122414,0.9761912626448023,0.0005861933277429805,5,37445,11702,16,32,11
sensorless_drive_diagnosis,random_forest,0.045790018262816604,0.0013967367598285187,0.006980225430288499,0.9677329198452187,0.0015356716997010687,5,37445,11702,16,32,11
sensorless_drive_diagnosis,two_stage_mlp,0.04581485241651535,0.0009577720165006281,0.00610043229535222,0.9681071400642395,0.0016219494230593973,5,37445,11702,16,32,11
sensorless_drive_diagnosis,ftt_mlp,0.05440990567393979,0.003927199268292,0.008971009564122999,0.9558713983728337,0.005975476778153673,5,37445,11702,16,32,11
sensorless_drive_diagnosis,prism_z_acp_lightgbm,0.05771993431623742,0.0016724212017409585,0.01594168794716839,0.9544300134524908,0.0021305114783674245,5,37445,11702,16,32,11
sensorless_drive_diagnosis,xgboost,0.05943266307926354,0.0003206019812857469,0.02219340893664101,0.9447146362652077,0.0009956524659038956,5,37445,11702,16,32,11
sensorless_drive_diagnosis,prism_z_lightgbm,0.06054791571311857,0.0014719345897364988,0.0170259835502203,0.9495701404571426,0.0019230582205192704,5,37445,11702,16,32,11
sensorless_drive_diagnosis,prism_z_acp_random_forest,0.061427393892145764,0.0024153004706258616,0.01396360449730756,0.9487158982053854,0.0037543541596789516,5,37445,11702,16,32,11
sensorless_drive_diagnosis,prism_z_random_forest,0.06409995252357022,0.002069677354962867,0.014889330714223423,0.9437948381073911,0.003288153663559877,5,37445,11702,16,32,11
sensorless_drive_diagnosis,cnn_mlp,0.06732932328456478,0.005581758045922795,0.01342552226190825,0.9306836398041728,0.010775792960420463,5,37445,11702,16,32,11
sensorless_drive_diagnosis,prism_z_acp_xgboost,0.06782189010542738,0.0016174172849842674,0.024502198464747816,0.9370649982366921,0.0024116752477546894,5,37445,11702,16,32,11
sensorless_drive_diagnosis,prism_z_xgboost,0.07075153722580926,0.0016707498251971405,0.02565255102382812,0.9310799314139928,0.0024948598560044434,5,37445,11702,16,32,11
servo,oracle_mlp,0.6625520408153533,0.198954911695629,0.3698233485221863,0.809238052368164,0.09643045809407683,5,106,34,10,2,1
servo,cnn_mlp,1.5858445026783254,0.25344781308891234,1.122847924165663,-0.014878853211953947,0.03921964697673933,5,106,34,10,2,1
servo,lightgbm,1.633076740084639,0.22570872755337218,1.217831851978127,-0.08409394953658852,0.10536060354710376,5,106,34,10,2,1
servo,ftt_mlp,1.6492339263200126,0.27844031404006153,1.1992646435973953,-0.09619580032764294,0.09377029798428202,5,106,34,10,2,1
servo,prism,1.6871436357498169,0.2240662727853082,1.2592263102531434,-0.1563093662261963,0.06543914078787828,5,106,34,10,2,1
servo,two_stage_mlp,1.7381248235702516,0.1381640090208215,1.34498028755188,-0.2675279498100281,0.3108605629276942,5,106,34,10,2,1
servo,simple_mlp,1.7413542509078979,0.14665276092823648,1.3134083032608033,-0.30362831354141234,0.5156548223867726,5,106,34,10,2,1
servo,prism_z_acp_xgboost,1.806278353730012,0.13694284334810128,1.3605567221555954,-0.36688287141266035,0.31099224150230814,5,106,34,10,2,1
servo,prism_z_xgboost,1.8088062958950981,0.132321720057996,1.3668895136693964,-0.3721884900723678,0.31771127861278914,5,106,34,10,2,1
servo,prism_z_acp_lightgbm,1.8122852375627132,0.10303756050148762,1.3675339375145006,-0.37772733662810004,0.314850833815145,5,106,34,10,2,1
servo,prism_z_lightgbm,1.8123380618042109,0.1030598913205446,1.367725501436801,-0.3777945371987492,0.3147814045626884,5,106,34,10,2,1
servo,random_forest,1.8289389772762257,0.10995332078206617,1.369277022335847,-0.4048754769700322,0.3282164595173965,5,106,34,10,2,1
servo,prism_z_acp_random_forest,1.831790656039183,0.10672779442890305,1.375123296283209,-0.4113292704732383,0.33919928575904895,5,106,34,10,2,1
servo,prism_z_random_forest,1.8319185917566791,0.10688584764517467,1.3755865692418499,-0.41156154885157825,0.3394189445345029,5,106,34,10,2,1
servo,xgboost,1.834861248432955,0.11944210408459244,1.373999623448334,-0.4160904599408391,0.34227146233939665,5,106,34,10,2,1
tennessee_eastman,oracle_mlp,0.24874522984027864,0.003772401559452039,0.1971106320619583,0.6333613634109497,0.0123482308328672,5,959,300,9,18,5
tennessee_eastman,xgboost,0.3121528045800931,0.003682148101572167,0.2498547890694247,0.5677507192737001,0.006562337652296321,5,959,300,9,18,5
tennessee_eastman,lightgbm,0.32789503552895427,0.006624763216705664,0.26246900572014387,0.5389193436968367,0.012172358681401018,5,959,300,9,18,5
tennessee_eastman,random_forest,0.35516477478660957,0.007587311322259164,0.2804110329625311,0.4911788795129479,0.014270368742438491,5,959,300,9,18,5
tennessee_eastman,two_stage_mlp,0.39280920624732973,0.006847365112374302,0.313730263710022,0.3298275113105774,0.02946758279540578,5,959,300,9,18,5
tennessee_eastman,prism,0.3961325466632843,0.0030579363743877953,0.31499491930007933,0.33735511302947996,0.034513702392313286,5,959,300,9,18,5
tennessee_eastman,simple_mlp,0.39657498002052305,0.0026491551550130643,0.3148012399673462,0.3355023682117462,0.03120846797180128,5,959,300,9,18,5
tennessee_eastman,prism_z_xgboost,0.39934411481680354,0.0066178149949758696,0.3169350409727693,0.3231075941772715,0.02988871386001004,5,959,300,9,18,5
tennessee_eastman,prism_z_acp_xgboost,0.40173514714446357,0.007861355218778744,0.3192682356475671,0.31545838684967575,0.027306292472677025,5,959,300,9,18,5
tennessee_eastman,prism_z_lightgbm,0.40248851267303126,0.007040906632557467,0.3184402285006332,0.31216701905949373,0.024770291458979465,5,959,300,9,18,5
tennessee_eastman,prism_z_acp_lightgbm,0.4079524823369537,0.0048174887098274095,0.3224818079159696,0.2967485797731019,0.031778843448817845,5,959,300,9,18,5
tennessee_eastman,prism_z_random_forest,0.4133777460479539,0.007270789452869883,0.32920797517461853,0.33834533771854686,0.016357272918514017,5,959,300,9,18,5
tennessee_eastman,prism_z_acp_random_forest,0.418113557383642,0.007051024011831096,0.333172507825244,0.33800265104491906,0.02268877049442428,5,959,300,9,18,5
tennessee_eastman,cnn_mlp,0.4585575807681922,0.01710678947066483,0.36310501168202286,0.23491408919939788,0.0407894229252446,5,959,300,9,18,5
tennessee_eastman,ftt_mlp,0.47498539019649816,0.009088238939266134,0.38143319672781456,0.22911528297542424,0.02990877489462789,5,959,300,9,18,5
wall_following_robot,oracle_mlp,0.18194617033004762,0.008129701465220773,0.06287036091089249,0.7917326331138611,0.018094400793653403,5,3491,1092,8,16,4
wall_following_robot,random_forest,0.19185201992769618,0.006791641983370878,0.09255494805440038,0.761251997685138,0.01832129073657043,5,3491,1092,8,16,4
wall_following_robot,lightgbm,0.19490032751723907,0.005415465875985649,0.10316859906251459,0.7536020983557584,0.01745674196821627,5,3491,1092,8,16,4
wall_following_robot,xgboost,0.20955094660213547,0.004658464893563593,0.12518836539063333,0.7179626584051155,0.01683217769051282,5,3491,1092,8,16,4
wall_following_robot,prism_z_random_forest,0.23879791266155967,0.0037099352108783804,0.13022161412060435,0.6340439938025529,0.010918932137952664,5,3491,1092,8,16,4
wall_following_robot,prism_z_lightgbm,0.2394421839567326,0.004954103541853593,0.12640433731324405,0.6308690636252633,0.010381037121320175,5,3491,1092,8,16,4
wall_following_robot,prism_z_acp_random_forest,0.24061123281300278,0.004101349242034544,0.12324145577904608,0.6288699088990153,0.012952598129457525,5,3491,1092,8,16,4
wall_following_robot,prism_z_acp_lightgbm,0.24119105530298493,0.0063726120157303,0.1209377598850268,0.6230874684277133,0.013764722941853618,5,3491,1092,8,16,4
wall_following_robot,prism_z_acp_xgboost,0.24553562756870811,0.004989104339134916,0.13610234038635316,0.6140214204115891,0.010167940765534322,5,3491,1092,8,16,4
wall_following_robot,prism_z_xgboost,0.2470449610573211,0.003966730724978757,0.14685743154182948,0.6122546455188745,0.00798735085968103,5,3491,1092,8,16,4
wall_following_robot,prism,0.24913448393344878,0.008783922497157514,0.12208084613084794,0.6031139612197876,0.028291139336115764,5,3491,1092,8,16,4
wall_following_robot,cnn_mlp,0.2536269065570219,0.0013936287046547122,0.13277082629353848,0.587818391257119,0.018489853437037393,5,3491,1092,8,16,4
wall_following_robot,simple_mlp,0.2628065049648285,0.004537714225939743,0.14442926943302153,0.5601326704025269,0.01921234241020203,5,3491,1092,8,16,4
wall_following_robot,two_stage_mlp,0.26403350830078126,0.004476656176185074,0.12644477486610411,0.5509600639343262,0.01875027817642745,5,3491,1092,8,16,4
wall_following_robot,ftt_mlp,0.2654888127233626,0.0070404219807441715,0.11913318050214691,0.5464693911713457,0.037885212534433395,5,3491,1092,8,16,4
