dataset,recoverability_model,macro_r2_mean,macro_r2_min,macro_r2_max,macro_r2_std,macro_std_rmse_mean,macro_std_rmse_min,macro_std_rmse_max,macro_std_rmse_std,macro_std_mae_mean,macro_std_mae_std,oracle_gain_pct,n_seeds,n_rows,n_train,n_test,n_features,n_intermediates
air_quality,random_forest,0.00241850775544429,-0.009227950592043243,0.015940817009213924,0.009503283722473731,0.9761461976142709,0.9742896905841023,0.9787139193312798,0.0016447897688040888,0.7725685865596696,0.0012222157649409491,59.11567200066641,5,6941,3700,2315,7,5
air_quality,ridge,-0.09368377178907394,-0.09369523823261261,-0.09367536008358002,9.605078601703693e-06,1.0132778406143188,1.0084233283996582,1.019532561302185,0.00440845322950999,0.8430108189582824,0.0036482162418248537,59.11567200066641,5,6941,3700,2315,7,5
airfoil_self_noise,random_forest,-1.0000029609793697,-1.0000661648794724,-0.999925361380388,5.092296212537777e-05,1.2987359231092472,1.2189485437693115,1.425107196740351,0.07679378706579786,0.9574529880971412,0.07319122530045341,22.49853450018157,5,1503,961,301,4,1
airfoil_self_noise,ridge,-0.6372299671173096,-0.6879398822784424,-0.5714855790138245,0.04722597849988268,1.2200431823730469,1.1570271253585815,1.3066877126693726,0.05847296432375563,0.952766728401184,0.04992866032871865,22.49853450018157,5,1503,961,301,4,1
auto_mpg,random_forest,0.7192451220804623,0.6585200313111687,0.7755940214914347,0.04964093990478608,0.5008647337954881,0.45219288364022664,0.5634134142249201,0.043899436739466634,0.35913696387332106,0.022870127325324393,3.972545616593031,5,392,250,79,5,2
auto_mpg,ridge,0.6015026807785034,0.5429008603096008,0.6395487189292908,0.041049260568242395,0.6070217490196228,0.5623857378959656,0.691946268081665,0.05031453587284869,0.46167495250701907,0.02481073970507495,3.972545616593031,5,392,250,79,5,2
combined_cycle_power_plant,random_forest,-0.6925463209769538,-0.7034378959932246,-0.6707806701810128,0.013089249255522397,1.2606568422888487,1.2122578323261548,1.2928287742408093,0.029790192103876734,1.032298939079363,0.023291281566990785,6.471760578329137,5,9568,6123,1914,3,1
combined_cycle_power_plant,ridge,-0.31002169847488403,-0.34072345495224,-0.2929745018482208,0.019039509474619472,1.1344274997711181,1.1017234325408936,1.1586827039718628,0.020645784905636906,0.9107249736785888,0.014053597415792773,6.471760578329137,5,9568,6123,1914,3,1
concrete_slump_test,random_forest,0.34687541473068784,0.17551580384935916,0.7093011309638574,0.23642892762057882,0.8100198795515491,0.48955470163114334,0.8981378528657493,0.17945059864061833,0.612506159746042,0.13900079857200046,-13.522703969088184,5,103,65,21,7,2
concrete_slump_test,ridge,0.31335774064064026,0.18141576647758484,0.47266146540641785,0.11639469923968805,0.8417389631271363,0.6566803455352783,1.0285447835922241,0.1402167692395298,0.6851204991340637,0.09774997441926674,-13.522703969088184,5,103,65,21,7,2
energy_efficiency,random_forest,-0.9965961569952535,-1.0074475561220786,-0.9900319760301999,0.0071045572327382185,1.362735034409106,1.3262100898590867,1.3841257431507576,0.022962025945223074,1.1130652699330574,0.020512692354249015,5.435513482409016,5,768,491,154,8,1
energy_efficiency,ridge,-0.9233276724815369,-0.9656134247779846,-0.8825944066047668,0.0381802644474794,1.3464369773864746,1.3232150077819824,1.3740763664245605,0.019674771101033366,1.101371955871582,0.019838331180489627,5.435513482409016,5,768,491,154,8,1
household_power_consumption,random_forest,0.4825586175546367,0.4811510751473955,0.48424367519525324,0.0012411937219424637,0.646350291728898,0.6439360923010379,0.6481321793286011,0.0021987101950781372,0.31038868471717757,0.0012002083181166239,11.408630046870389,5,34168,19133,10251,9,3
household_power_consumption,ridge,0.42070102095603945,0.4207007884979248,0.4207015335559845,3.0201974058528506e-07,0.6873429536819458,0.6840155124664307,0.6906814575195312,0.0028359887157357266,0.41804381608963015,0.001579935085685199,11.408630046870389,5,34168,19133,10251,9,3
hydraulic_systems,random_forest,0.8808607587603925,0.8574777023311164,0.8963954395464117,0.014384357261795365,0.2019352711354633,0.17384271007814417,0.22377586037751998,0.021461249539612353,0.09649099419858705,0.004264825357003607,23.939301246492413,5,2205,1411,441,23,44
hydraulic_systems,ridge,0.8221600294113159,0.8006777167320251,0.8320727944374084,0.012476264283132806,0.2646084904670715,0.23228998482227325,0.28867265582084656,0.02474054776457716,0.16382919251918793,0.005318694750631409,23.939301246492413,5,2205,1411,441,23,44
parkinsons_telemonitoring,random_forest,-0.8929831474658505,-0.9970912494324844,-0.7825215629261273,0.09171187089959727,1.366629776667579,1.2469908989693335,1.5779746777905996,0.13510060110879432,1.1586560893807696,0.15230624975188597,55.12328769014473,5,5875,3667,1248,19,1
parkinsons_telemonitoring,ridge,-0.3280850201845169,-0.5171541571617126,-0.19026829302310944,0.15806060742366762,1.1474193334579468,1.083041787147522,1.2713078260421753,0.07402203935908644,0.9633866310119629,0.09674022711994834,55.12328769014473,5,5875,3667,1248,19,1
real_estate_valuation,random_forest,0.05372032818949975,-0.16843083074800197,0.20827270044779206,0.13765994768675877,0.962670518885729,0.8176207782764751,1.1446887377888364,0.12718814678159987,0.7236742931335883,0.1036955432392748,35.60771056732076,5,414,264,83,2,4
real_estate_valuation,ridge,-0.020971566438674927,-0.039240479469299316,-0.002649247646331787,0.015657731204546544,1.0024344086647035,0.8595605492591858,1.0829944610595703,0.0975699322571991,0.8023775696754456,0.06621188630058836,35.60771056732076,5,414,264,83,2,4
student_performance,random_forest,0.2780979982357103,0.14837347548427182,0.37386552274624013,0.09381162288250798,0.8279519558436075,0.7470290842108218,0.9096915328471851,0.06823908555554244,0.6357160290422872,0.040709730691633354,45.36219997530323,5,1044,668,209,58,2
student_performance,ridge,0.22429271936416625,0.15900921821594238,0.29405835270881653,0.05226141245894346,0.8590866684913635,0.781997561454773,0.903989315032959,0.04813128415278558,0.660566532611847,0.03635268723118372,45.36219997530323,5,1044,668,209,58,2
superconductivity,random_forest,0.9316447038999215,0.927920545277755,0.9348337677929458,0.0030038760891973122,0.2537558271891918,0.2461042562647532,0.26375922766849164,0.006945565706018992,0.0961216679221309,0.0029707797727917267,2.1374606386524024,5,21263,13608,4253,77,81
superconductivity,ridge,0.3671852022409439,0.24767671525478363,0.4411197304725647,0.07398603373405686,0.7917290925979614,0.7414024472236633,0.8641071915626526,0.04920405806275027,0.5372649550437927,0.023904735610393583,2.1374606386524024,5,21263,13608,4253,77,81
wine_quality,random_forest,0.7136826157899154,0.709531788851686,0.7191810347399858,0.004126725739804919,0.51805380322215,0.504286960319539,0.5274918350600994,0.008945237052911392,0.3746924215056292,0.006184269230250391,6.462011903270877,5,6497,4157,1300,10,3
wine_quality,ridge,0.49646806716918945,0.4834219217300415,0.5041453242301941,0.008503080409837844,0.68699152469635,0.6795333027839661,0.6972057223320007,0.006379437720745348,0.5408928513526916,0.004051553190793108,6.462011903270877,5,6497,4157,1300,10,3
