feature_frequency,feature_angle_of_attack,feature_chord_length,feature_free_stream_velocity,intermediate_suction_side_displacement_thickness,target_scaled_sound_pressure_level,ID_row
800,0.0,0.3048,71.3,0.00266337,126.201,0
1000,0.0,0.3048,71.3,0.00266337,125.201,1
1250,0.0,0.3048,71.3,0.00266337,125.951,2
1600,0.0,0.3048,71.3,0.00266337,127.591,3
2000,0.0,0.3048,71.3,0.00266337,127.461,4
2500,0.0,0.3048,71.3,0.00266337,125.571,5
3150,0.0,0.3048,71.3,0.00266337,125.201,6
4000,0.0,0.3048,71.3,0.00266337,123.061,7
5000,0.0,0.3048,71.3,0.00266337,121.301,8
6300,0.0,0.3048,71.3,0.00266337,119.541,9
8000,0.0,0.3048,71.3,0.00266337,117.151,10
10000,0.0,0.3048,71.3,0.00266337,115.391,11
12500,0.0,0.3048,71.3,0.00266337,112.241,12
16000,0.0,0.3048,71.3,0.00266337,108.721,13
500,0.0,0.3048,55.5,0.00283081,126.416,14
630,0.0,0.3048,55.5,0.00283081,127.696,15
800,0.0,0.3048,55.5,0.00283081,128.086,16
1000,0.0,0.3048,55.5,0.00283081,126.966,17
1250,0.0,0.3048,55.5,0.00283081,126.086,18
1600,0.0,0.3048,55.5,0.00283081,126.986,19
2000,0.0,0.3048,55.5,0.00283081,126.616,20
2500,0.0,0.3048,55.5,0.00283081,124.106,21
3150,0.0,0.3048,55.5,0.00283081,123.236,22
4000,0.0,0.3048,55.5,0.00283081,121.106,23
5000,0.0,0.3048,55.5,0.00283081,119.606,24
6300,0.0,0.3048,55.5,0.00283081,117.976,25
8000,0.0,0.3048,55.5,0.00283081,116.476,26
10000,0.0,0.3048,55.5,0.00283081,113.076,27
12500,0.0,0.3048,55.5,0.00283081,111.076,28
200,0.0,0.3048,39.6,0.00310138,118.129,29
250,0.0,0.3048,39.6,0.00310138,119.319,30
315,0.0,0.3048,39.6,0.00310138,122.779,31
400,0.0,0.3048,39.6,0.00310138,124.809,32
500,0.0,0.3048,39.6,0.00310138,126.959,33
630,0.0,0.3048,39.6,0.00310138,128.629,34
800,0.0,0.3048,39.6,0.00310138,129.099,35
1000,0.0,0.3048,39.6,0.00310138,127.899,36
1250,0.0,0.3048,39.6,0.00310138,125.499,37
1600,0.0,0.3048,39.6,0.00310138,124.049,38
2000,0.0,0.3048,39.6,0.00310138,123.689,39
2500,0.0,0.3048,39.6,0.00310138,121.399,40
3150,0.0,0.3048,39.6,0.00310138,120.319,41
4000,0.0,0.3048,39.6,0.00310138,119.229,42
5000,0.0,0.3048,39.6,0.00310138,117.789,43
6300,0.0,0.3048,39.6,0.00310138,116.229,44
8000,0.0,0.3048,39.6,0.00310138,114.779,45
10000,0.0,0.3048,39.6,0.00310138,112.139,46
12500,0.0,0.3048,39.6,0.00310138,109.619,47
200,0.0,0.3048,31.7,0.00331266,117.195,48
250,0.0,0.3048,31.7,0.00331266,118.595,49
315,0.0,0.3048,31.7,0.00331266,122.765,50
400,0.0,0.3048,31.7,0.00331266,125.045,51
500,0.0,0.3048,31.7,0.00331266,127.315,52
630,0.0,0.3048,31.7,0.00331266,129.095,53
800,0.0,0.3048,31.7,0.00331266,129.235,54
1000,0.0,0.3048,31.7,0.00331266,127.365,55
1250,0.0,0.3048,31.7,0.00331266,124.355,56
1600,0.0,0.3048,31.7,0.00331266,122.365,57
2000,0.0,0.3048,31.7,0.00331266,122.375,58
2500,0.0,0.3048,31.7,0.00331266,120.755,59
3150,0.0,0.3048,31.7,0.00331266,119.135,60
4000,0.0,0.3048,31.7,0.00331266,118.145,61
5000,0.0,0.3048,31.7,0.00331266,115.645,62
6300,0.0,0.3048,31.7,0.00331266,113.775,63
8000,0.0,0.3048,31.7,0.00331266,110.515,64
10000,0.0,0.3048,31.7,0.00331266,108.265,65
800,1.5,0.3048,71.3,0.00336729,127.122,66
1000,1.5,0.3048,71.3,0.00336729,125.992,67
1250,1.5,0.3048,71.3,0.00336729,125.872,68
1600,1.5,0.3048,71.3,0.00336729,126.632,69
2000,1.5,0.3048,71.3,0.00336729,126.642,70
2500,1.5,0.3048,71.3,0.00336729,124.512,71
3150,1.5,0.3048,71.3,0.00336729,123.392,72
4000,1.5,0.3048,71.3,0.00336729,121.762,73
5000,1.5,0.3048,71.3,0.00336729,119.632,74
6300,1.5,0.3048,71.3,0.00336729,118.122,75
8000,1.5,0.3048,71.3,0.00336729,115.372,76
10000,1.5,0.3048,71.3,0.00336729,113.492,77
12500,1.5,0.3048,71.3,0.00336729,109.222,78
16000,1.5,0.3048,71.3,0.00336729,106.582,79
315,1.5,0.3048,39.6,0.00392107,121.851,80
400,1.5,0.3048,39.6,0.00392107,124.001,81
500,1.5,0.3048,39.6,0.00392107,126.661,82
630,1.5,0.3048,39.6,0.00392107,128.311,83
800,1.5,0.3048,39.6,0.00392107,128.831,84
1000,1.5,0.3048,39.6,0.00392107,127.581,85
1250,1.5,0.3048,39.6,0.00392107,125.211,86
1600,1.5,0.3048,39.6,0.00392107,122.211,87
2000,1.5,0.3048,39.6,0.00392107,122.101,88
2500,1.5,0.3048,39.6,0.00392107,120.981,89
3150,1.5,0.3048,39.6,0.00392107,119.111,90
4000,1.5,0.3048,39.6,0.00392107,117.741,91
5000,1.5,0.3048,39.6,0.00392107,116.241,92
6300,1.5,0.3048,39.6,0.00392107,114.751,93
8000,1.5,0.3048,39.6,0.00392107,112.251,94
10000,1.5,0.3048,39.6,0.00392107,108.991,95
12500,1.5,0.3048,39.6,0.00392107,106.111,96
400,3.0,0.3048,71.3,0.00425727,127.564,97
500,3.0,0.3048,71.3,0.00425727,128.454,98
630,3.0,0.3048,71.3,0.00425727,129.354,99
800,3.0,0.3048,71.3,0.00425727,129.494,100
1000,3.0,0.3048,71.3,0.00425727,129.004,101
1250,3.0,0.3048,71.3,0.00425727,127.634,102
1600,3.0,0.3048,71.3,0.00425727,126.514,103
2000,3.0,0.3048,71.3,0.00425727,125.524,104
2500,3.0,0.3048,71.3,0.00425727,124.024,105
3150,3.0,0.3048,71.3,0.00425727,121.514,106
4000,3.0,0.3048,71.3,0.00425727,120.264,107
5000,3.0,0.3048,71.3,0.00425727,118.134,108
6300,3.0,0.3048,71.3,0.00425727,116.134,109
8000,3.0,0.3048,71.3,0.00425727,114.634,110
10000,3.0,0.3048,71.3,0.00425727,110.224,111
400,3.0,0.3048,55.5,0.00452492,126.159,112
500,3.0,0.3048,55.5,0.00452492,128.179,113
630,3.0,0.3048,55.5,0.00452492,129.569,114
800,3.0,0.3048,55.5,0.00452492,129.949,115
1000,3.0,0.3048,55.5,0.00452492,129.329,116
1250,3.0,0.3048,55.5,0.00452492,127.329,117
1600,3.0,0.3048,55.5,0.00452492,124.439,118
2000,3.0,0.3048,55.5,0.00452492,123.069,119
2500,3.0,0.3048,55.5,0.00452492,122.439,120
3150,3.0,0.3048,55.5,0.00452492,120.189,121
4000,3.0,0.3048,55.5,0.00452492,118.689,122
5000,3.0,0.3048,55.5,0.00452492,117.309,123
6300,3.0,0.3048,55.5,0.00452492,115.679,124
8000,3.0,0.3048,55.5,0.00452492,113.799,125
10000,3.0,0.3048,55.5,0.00452492,112.169,126
315,3.0,0.3048,39.6,0.00495741,123.312,127
400,3.0,0.3048,39.6,0.00495741,125.472,128
500,3.0,0.3048,39.6,0.00495741,127.632,129
630,3.0,0.3048,39.6,0.00495741,129.292,130
800,3.0,0.3048,39.6,0.00495741,129.552,131
1000,3.0,0.3048,39.6,0.00495741,128.312,132
1250,3.0,0.3048,39.6,0.00495741,125.802,133
1600,3.0,0.3048,39.6,0.00495741,122.782,134
2000,3.0,0.3048,39.6,0.00495741,120.532,135
2500,3.0,0.3048,39.6,0.00495741,120.162,136
3150,3.0,0.3048,39.6,0.00495741,118.922,137
4000,3.0,0.3048,39.6,0.00495741,116.792,138
5000,3.0,0.3048,39.6,0.00495741,115.792,139
6300,3.0,0.3048,39.6,0.00495741,114.042,140
8000,3.0,0.3048,39.6,0.00495741,110.652,141
315,3.0,0.3048,31.7,0.00529514,123.118,142
400,3.0,0.3048,31.7,0.00529514,125.398,143
500,3.0,0.3048,31.7,0.00529514,127.548,144
630,3.0,0.3048,31.7,0.00529514,128.698,145
800,3.0,0.3048,31.7,0.00529514,128.708,146
1000,3.0,0.3048,31.7,0.00529514,126.838,147
1250,3.0,0.3048,31.7,0.00529514,124.838,148
1600,3.0,0.3048,31.7,0.00529514,122.088,149
2000,3.0,0.3048,31.7,0.00529514,120.088,150
2500,3.0,0.3048,31.7,0.00529514,119.598,151
3150,3.0,0.3048,31.7,0.00529514,118.108,152
4000,3.0,0.3048,31.7,0.00529514,115.608,153
5000,3.0,0.3048,31.7,0.00529514,113.858,154
6300,3.0,0.3048,31.7,0.00529514,109.718,155
250,4.0,0.3048,71.3,0.00497773,126.395,156
315,4.0,0.3048,71.3,0.00497773,128.175,157
400,4.0,0.3048,71.3,0.00497773,129.575,158
500,4.0,0.3048,71.3,0.00497773,130.715,159
630,4.0,0.3048,71.3,0.00497773,131.615,160
800,4.0,0.3048,71.3,0.00497773,131.755,161
1000,4.0,0.3048,71.3,0.00497773,131.015,162
1250,4.0,0.3048,71.3,0.00497773,129.395,163
1600,4.0,0.3048,71.3,0.00497773,126.645,164
2000,4.0,0.3048,71.3,0.00497773,124.395,165
2500,4.0,0.3048,71.3,0.00497773,123.775,166
3150,4.0,0.3048,71.3,0.00497773,121.775,167
4000,4.0,0.3048,71.3,0.00497773,119.535,168
5000,4.0,0.3048,71.3,0.00497773,117.785,169
6300,4.0,0.3048,71.3,0.00497773,116.165,170
8000,4.0,0.3048,71.3,0.00497773,113.665,171
10000,4.0,0.3048,71.3,0.00497773,110.905,172
12500,4.0,0.3048,71.3,0.00497773,107.405,173
250,4.0,0.3048,39.6,0.00579636,123.543,174
315,4.0,0.3048,39.6,0.00579636,126.843,175
400,4.0,0.3048,39.6,0.00579636,128.633,176
500,4.0,0.3048,39.6,0.00579636,130.173,177
630,4.0,0.3048,39.6,0.00579636,131.073,178
800,4.0,0.3048,39.6,0.00579636,130.723,179
1000,4.0,0.3048,39.6,0.00579636,128.723,180
1250,4.0,0.3048,39.6,0.00579636,126.343,181
1600,4.0,0.3048,39.6,0.00579636,123.213,182
2000,4.0,0.3048,39.6,0.00579636,120.963,183
2500,4.0,0.3048,39.6,0.00579636,120.233,184
3150,4.0,0.3048,39.6,0.00579636,118.743,185
4000,4.0,0.3048,39.6,0.00579636,115.863,186
5000,4.0,0.3048,39.6,0.00579636,113.733,187
1250,0.0,0.2286,71.3,0.00214345,128.144,188
1600,0.0,0.2286,71.3,0.00214345,129.134,189
2000,0.0,0.2286,71.3,0.00214345,128.244,190
2500,0.0,0.2286,71.3,0.00214345,128.354,191
3150,0.0,0.2286,71.3,0.00214345,127.834,192
4000,0.0,0.2286,71.3,0.00214345,125.824,193
5000,0.0,0.2286,71.3,0.00214345,124.304,194
6300,0.0,0.2286,71.3,0.00214345,122.044,195
8000,0.0,0.2286,71.3,0.00214345,118.024,196
10000,0.0,0.2286,71.3,0.00214345,118.134,197
12500,0.0,0.2286,71.3,0.00214345,117.624,198
16000,0.0,0.2286,71.3,0.00214345,114.984,199
20000,0.0,0.2286,71.3,0.00214345,114.474,200
315,0.0,0.2286,55.5,0.00229336,119.54,201
400,0.0,0.2286,55.5,0.00229336,121.66,202
500,0.0,0.2286,55.5,0.00229336,123.78,203
630,0.0,0.2286,55.5,0.00229336,126.16,204
800,0.0,0.2286,55.5,0.00229336,127.53,205
1000,0.0,0.2286,55.5,0.00229336,128.29,206
1250,0.0,0.2286,55.5,0.00229336,127.91,207
1600,0.0,0.2286,55.5,0.00229336,126.79,208
2000,0.0,0.2286,55.5,0.00229336,126.54,209
2500,0.0,0.2286,55.5,0.00229336,126.54,210
3150,0.0,0.2286,55.5,0.00229336,125.16,211
4000,0.0,0.2286,55.5,0.00229336,123.41,212
5000,0.0,0.2286,55.5,0.00229336,122.41,213
6300,0.0,0.2286,55.5,0.00229336,118.41,214
315,0.0,0.2286,39.6,0.00253511,121.055,215
400,0.0,0.2286,39.6,0.00253511,123.565,216
500,0.0,0.2286,39.6,0.00253511,126.195,217
630,0.0,0.2286,39.6,0.00253511,128.705,218
800,0.0,0.2286,39.6,0.00253511,130.205,219
1000,0.0,0.2286,39.6,0.00253511,130.435,220
1250,0.0,0.2286,39.6,0.00253511,129.395,221
1600,0.0,0.2286,39.6,0.00253511,127.095,222
2000,0.0,0.2286,39.6,0.00253511,125.305,223
2500,0.0,0.2286,39.6,0.00253511,125.025,224
3150,0.0,0.2286,39.6,0.00253511,124.625,225
4000,0.0,0.2286,39.6,0.00253511,123.465,226
5000,0.0,0.2286,39.6,0.00253511,122.175,227
6300,0.0,0.2286,39.6,0.00253511,117.465,228
315,0.0,0.2286,31.7,0.0027238,120.595,229
400,0.0,0.2286,31.7,0.0027238,123.635,230
500,0.0,0.2286,31.7,0.0027238,126.675,231
630,0.0,0.2286,31.7,0.0027238,129.465,232
800,0.0,0.2286,31.7,0.0027238,130.725,233
1000,0.0,0.2286,31.7,0.0027238,130.595,234
1250,0.0,0.2286,31.7,0.0027238,128.805,235
1600,0.0,0.2286,31.7,0.0027238,125.625,236
2000,0.0,0.2286,31.7,0.0027238,123.455,237
2500,0.0,0.2286,31.7,0.0027238,123.445,238
3150,0.0,0.2286,31.7,0.0027238,123.445,239
4000,0.0,0.2286,31.7,0.0027238,122.035,240
5000,0.0,0.2286,31.7,0.0027238,120.505,241
6300,0.0,0.2286,31.7,0.0027238,116.815,242
400,2.0,0.2286,71.3,0.00293031,125.116,243
500,2.0,0.2286,71.3,0.00293031,126.486,244
630,2.0,0.2286,71.3,0.00293031,127.356,245
800,2.0,0.2286,71.3,0.00293031,128.216,246
1000,2.0,0.2286,71.3,0.00293031,128.956,247
1250,2.0,0.2286,71.3,0.00293031,128.816,248
1600,2.0,0.2286,71.3,0.00293031,127.796,249
2000,2.0,0.2286,71.3,0.00293031,126.896,250
2500,2.0,0.2286,71.3,0.00293031,127.006,251
3150,2.0,0.2286,71.3,0.00293031,126.116,252
4000,2.0,0.2286,71.3,0.00293031,124.086,253
5000,2.0,0.2286,71.3,0.00293031,122.816,254
6300,2.0,0.2286,71.3,0.00293031,120.786,255
8000,2.0,0.2286,71.3,0.00293031,115.996,256
10000,2.0,0.2286,71.3,0.00293031,113.086,257
400,2.0,0.2286,55.5,0.00313525,122.292,258
500,2.0,0.2286,55.5,0.00313525,124.692,259
630,2.0,0.2286,55.5,0.00313525,126.842,260
800,2.0,0.2286,55.5,0.00313525,128.492,261
1000,2.0,0.2286,55.5,0.00313525,129.002,262
1250,2.0,0.2286,55.5,0.00313525,128.762,263
1600,2.0,0.2286,55.5,0.00313525,126.752,264
2000,2.0,0.2286,55.5,0.00313525,124.612,265
2500,2.0,0.2286,55.5,0.00313525,123.862,266
3150,2.0,0.2286,55.5,0.00313525,123.742,267
4000,2.0,0.2286,55.5,0.00313525,122.232,268
5000,2.0,0.2286,55.5,0.00313525,120.472,269
6300,2.0,0.2286,55.5,0.00313525,118.712,270
315,2.0,0.2286,39.6,0.00346574,120.137,271
400,2.0,0.2286,39.6,0.00346574,122.147,272
500,2.0,0.2286,39.6,0.00346574,125.157,273
630,2.0,0.2286,39.6,0.00346574,127.417,274
800,2.0,0.2286,39.6,0.00346574,129.037,275
1000,2.0,0.2286,39.6,0.00346574,129.147,276
1250,2.0,0.2286,39.6,0.00346574,128.257,277
1600,2.0,0.2286,39.6,0.00346574,125.837,278
2000,2.0,0.2286,39.6,0.00346574,122.797,279
2500,2.0,0.2286,39.6,0.00346574,121.397,280
3150,2.0,0.2286,39.6,0.00346574,121.627,281
4000,2.0,0.2286,39.6,0.00346574,120.227,282
5000,2.0,0.2286,39.6,0.00346574,118.827,283
6300,2.0,0.2286,39.6,0.00346574,116.417,284
315,2.0,0.2286,31.7,0.00372371,120.147,285
400,2.0,0.2286,31.7,0.00372371,123.417,286
500,2.0,0.2286,31.7,0.00372371,126.677,287
630,2.0,0.2286,31.7,0.00372371,129.057,288
800,2.0,0.2286,31.7,0.00372371,130.307,289
1000,2.0,0.2286,31.7,0.00372371,130.307,290
1250,2.0,0.2286,31.7,0.00372371,128.677,291
1600,2.0,0.2286,31.7,0.00372371,125.797,292
2000,2.0,0.2286,31.7,0.00372371,123.037,293
2500,2.0,0.2286,31.7,0.00372371,121.407,294
3150,2.0,0.2286,31.7,0.00372371,121.527,295
4000,2.0,0.2286,31.7,0.00372371,120.527,296
5000,2.0,0.2286,31.7,0.00372371,118.267,297
6300,2.0,0.2286,31.7,0.00372371,115.137,298
500,4.0,0.2286,71.3,0.00400603,126.758,299
630,4.0,0.2286,71.3,0.00400603,129.038,300
800,4.0,0.2286,71.3,0.00400603,130.688,301
1000,4.0,0.2286,71.3,0.00400603,131.708,302
1250,4.0,0.2286,71.3,0.00400603,131.718,303
1600,4.0,0.2286,71.3,0.00400603,129.468,304
2000,4.0,0.2286,71.3,0.00400603,126.218,305
2500,4.0,0.2286,71.3,0.00400603,124.338,306
3150,4.0,0.2286,71.3,0.00400603,124.108,307
4000,4.0,0.2286,71.3,0.00400603,121.728,308
5000,4.0,0.2286,71.3,0.00400603,121.118,309
6300,4.0,0.2286,71.3,0.00400603,118.618,310
8000,4.0,0.2286,71.3,0.00400603,112.848,311
10000,4.0,0.2286,71.3,0.00400603,113.108,312
12500,4.0,0.2286,71.3,0.00400603,114.258,313
16000,4.0,0.2286,71.3,0.00400603,112.768,314
20000,4.0,0.2286,71.3,0.00400603,109.638,315
400,4.0,0.2286,55.5,0.0042862,123.274,316
500,4.0,0.2286,55.5,0.0042862,127.314,317
630,4.0,0.2286,55.5,0.0042862,129.964,318
800,4.0,0.2286,55.5,0.0042862,131.864,319
1000,4.0,0.2286,55.5,0.0042862,132.134,320
1250,4.0,0.2286,55.5,0.0042862,131.264,321
1600,4.0,0.2286,55.5,0.0042862,128.264,322
2000,4.0,0.2286,55.5,0.0042862,124.254,323
2500,4.0,0.2286,55.5,0.0042862,122.384,324
3150,4.0,0.2286,55.5,0.0042862,122.394,325
4000,4.0,0.2286,55.5,0.0042862,120.654,326
5000,4.0,0.2286,55.5,0.0042862,120.034,327
6300,4.0,0.2286,55.5,0.0042862,117.154,328
8000,4.0,0.2286,55.5,0.0042862,112.524,329
315,4.0,0.2286,39.6,0.00473801,122.229,330
400,4.0,0.2286,39.6,0.00473801,123.879,331
500,4.0,0.2286,39.6,0.00473801,127.039,332
630,4.0,0.2286,39.6,0.00473801,129.579,333
800,4.0,0.2286,39.6,0.00473801,130.469,334
1000,4.0,0.2286,39.6,0.00473801,129.969,335
1250,4.0,0.2286,39.6,0.00473801,128.339,336
1600,4.0,0.2286,39.6,0.00473801,125.319,337
2000,4.0,0.2286,39.6,0.00473801,121.659,338
2500,4.0,0.2286,39.6,0.00473801,119.649,339
3150,4.0,0.2286,39.6,0.00473801,120.419,340
4000,4.0,0.2286,39.6,0.00473801,119.159,341
5000,4.0,0.2286,39.6,0.00473801,117.649,342
6300,4.0,0.2286,39.6,0.00473801,114.249,343
8000,4.0,0.2286,39.6,0.00473801,113.129,344
250,4.0,0.2286,31.7,0.00509068,120.189,345
315,4.0,0.2286,31.7,0.00509068,123.609,346
400,4.0,0.2286,31.7,0.00509068,126.149,347
500,4.0,0.2286,31.7,0.00509068,128.939,348
630,4.0,0.2286,31.7,0.00509068,130.349,349
800,4.0,0.2286,31.7,0.00509068,130.869,350
1000,4.0,0.2286,31.7,0.00509068,129.869,351
1250,4.0,0.2286,31.7,0.00509068,128.119,352
1600,4.0,0.2286,31.7,0.00509068,125.229,353
2000,4.0,0.2286,31.7,0.00509068,122.089,354
2500,4.0,0.2286,31.7,0.00509068,120.209,355
3150,4.0,0.2286,31.7,0.00509068,120.229,356
4000,4.0,0.2286,31.7,0.00509068,118.859,357
5000,4.0,0.2286,31.7,0.00509068,115.969,358
6300,4.0,0.2286,31.7,0.00509068,112.699,359
400,5.3,0.2286,71.3,0.0051942,127.7,360
500,5.3,0.2286,71.3,0.0051942,129.88,361
630,5.3,0.2286,71.3,0.0051942,131.8,362
800,5.3,0.2286,71.3,0.0051942,133.48,363
1000,5.3,0.2286,71.3,0.0051942,134.0,364
1250,5.3,0.2286,71.3,0.0051942,133.38,365
1600,5.3,0.2286,71.3,0.0051942,130.46,366
2000,5.3,0.2286,71.3,0.0051942,125.89,367
2500,5.3,0.2286,71.3,0.0051942,123.74,368
3150,5.3,0.2286,71.3,0.0051942,123.12,369
4000,5.3,0.2286,71.3,0.0051942,120.33,370
5000,5.3,0.2286,71.3,0.0051942,118.05,371
6300,5.3,0.2286,71.3,0.0051942,116.92,372
8000,5.3,0.2286,71.3,0.0051942,114.9,373
10000,5.3,0.2286,71.3,0.0051942,111.35,374
250,5.3,0.2286,39.6,0.00614329,127.011,375
315,5.3,0.2286,39.6,0.00614329,129.691,376
400,5.3,0.2286,39.6,0.00614329,131.221,377
500,5.3,0.2286,39.6,0.00614329,132.251,378
630,5.3,0.2286,39.6,0.00614329,132.011,379
800,5.3,0.2286,39.6,0.00614329,129.491,380
1000,5.3,0.2286,39.6,0.00614329,125.581,381
1250,5.3,0.2286,39.6,0.00614329,125.721,382
1600,5.3,0.2286,39.6,0.00614329,123.081,383
2000,5.3,0.2286,39.6,0.00614329,117.911,384
2500,5.3,0.2286,39.6,0.00614329,116.151,385
3150,5.3,0.2286,39.6,0.00614329,118.441,386
4000,5.3,0.2286,39.6,0.00614329,115.801,387
5000,5.3,0.2286,39.6,0.00614329,115.311,388
6300,5.3,0.2286,39.6,0.00614329,112.541,389
200,7.3,0.2286,71.3,0.0104404,138.758,390
250,7.3,0.2286,71.3,0.0104404,139.918,391
315,7.3,0.2286,71.3,0.0104404,139.808,392
400,7.3,0.2286,71.3,0.0104404,139.438,393
500,7.3,0.2286,71.3,0.0104404,136.798,394
630,7.3,0.2286,71.3,0.0104404,133.768,395
800,7.3,0.2286,71.3,0.0104404,130.748,396
1000,7.3,0.2286,71.3,0.0104404,126.838,397
1250,7.3,0.2286,71.3,0.0104404,127.358,398
1600,7.3,0.2286,71.3,0.0104404,125.728,399
2000,7.3,0.2286,71.3,0.0104404,122.708,400
2500,7.3,0.2286,71.3,0.0104404,122.088,401
3150,7.3,0.2286,71.3,0.0104404,120.458,402
4000,7.3,0.2286,71.3,0.0104404,119.208,403
5000,7.3,0.2286,71.3,0.0104404,115.298,404
6300,7.3,0.2286,71.3,0.0104404,115.818,405
200,7.3,0.2286,55.5,0.0111706,135.234,406
250,7.3,0.2286,55.5,0.0111706,136.384,407
315,7.3,0.2286,55.5,0.0111706,136.284,408
400,7.3,0.2286,55.5,0.0111706,135.924,409
500,7.3,0.2286,55.5,0.0111706,133.174,410
630,7.3,0.2286,55.5,0.0111706,130.934,411
800,7.3,0.2286,55.5,0.0111706,128.444,412
1000,7.3,0.2286,55.5,0.0111706,125.194,413
1250,7.3,0.2286,55.5,0.0111706,125.724,414
1600,7.3,0.2286,55.5,0.0111706,123.354,415
2000,7.3,0.2286,55.5,0.0111706,120.354,416
2500,7.3,0.2286,55.5,0.0111706,118.994,417
3150,7.3,0.2286,55.5,0.0111706,117.134,418
4000,7.3,0.2286,55.5,0.0111706,117.284,419
5000,7.3,0.2286,55.5,0.0111706,113.144,420
6300,7.3,0.2286,55.5,0.0111706,111.534,421
200,7.3,0.2286,39.6,0.0123481,130.989,422
250,7.3,0.2286,39.6,0.0123481,131.889,423
315,7.3,0.2286,39.6,0.0123481,132.149,424
400,7.3,0.2286,39.6,0.0123481,132.039,425
500,7.3,0.2286,39.6,0.0123481,130.299,426
630,7.3,0.2286,39.6,0.0123481,128.929,427
800,7.3,0.2286,39.6,0.0123481,126.299,428
1000,7.3,0.2286,39.6,0.0123481,122.539,429
1250,7.3,0.2286,39.6,0.0123481,123.189,430
1600,7.3,0.2286,39.6,0.0123481,121.059,431
2000,7.3,0.2286,39.6,0.0123481,117.809,432
2500,7.3,0.2286,39.6,0.0123481,116.559,433
3150,7.3,0.2286,39.6,0.0123481,114.309,434
4000,7.3,0.2286,39.6,0.0123481,114.079,435
5000,7.3,0.2286,39.6,0.0123481,111.959,436
6300,7.3,0.2286,39.6,0.0123481,110.839,437
200,7.3,0.2286,31.7,0.0132672,128.679,438
250,7.3,0.2286,31.7,0.0132672,130.089,439
315,7.3,0.2286,31.7,0.0132672,130.239,440
400,7.3,0.2286,31.7,0.0132672,130.269,441
500,7.3,0.2286,31.7,0.0132672,128.169,442
630,7.3,0.2286,31.7,0.0132672,126.189,443
800,7.3,0.2286,31.7,0.0132672,123.209,444
1000,7.3,0.2286,31.7,0.0132672,119.099,445
1250,7.3,0.2286,31.7,0.0132672,120.509,446
1600,7.3,0.2286,31.7,0.0132672,119.039,447
2000,7.3,0.2286,31.7,0.0132672,115.309,448
2500,7.3,0.2286,31.7,0.0132672,114.709,449
3150,7.3,0.2286,31.7,0.0132672,113.229,450
4000,7.3,0.2286,31.7,0.0132672,112.639,451
5000,7.3,0.2286,31.7,0.0132672,111.029,452
6300,7.3,0.2286,31.7,0.0132672,110.689,453
800,0.0,0.1524,71.3,0.0015988,125.817,454
1000,0.0,0.1524,71.3,0.0015988,127.307,455
1250,0.0,0.1524,71.3,0.0015988,128.927,456
1600,0.0,0.1524,71.3,0.0015988,129.667,457
2000,0.0,0.1524,71.3,0.0015988,128.647,458
2500,0.0,0.1524,71.3,0.0015988,128.127,459
3150,0.0,0.1524,71.3,0.0015988,129.377,460
4000,0.0,0.1524,71.3,0.0015988,128.857,461
5000,0.0,0.1524,71.3,0.0015988,126.457,462
6300,0.0,0.1524,71.3,0.0015988,125.427,463
8000,0.0,0.1524,71.3,0.0015988,122.527,464
10000,0.0,0.1524,71.3,0.0015988,120.247,465
12500,0.0,0.1524,71.3,0.0015988,117.087,466
16000,0.0,0.1524,71.3,0.0015988,113.297,467
500,0.0,0.1524,55.5,0.00172668,120.573,468
630,0.0,0.1524,55.5,0.00172668,123.583,469
800,0.0,0.1524,55.5,0.00172668,126.713,470
1000,0.0,0.1524,55.5,0.00172668,128.583,471
1250,0.0,0.1524,55.5,0.00172668,129.953,472
1600,0.0,0.1524,55.5,0.00172668,130.183,473
2000,0.0,0.1524,55.5,0.00172668,129.673,474
2500,0.0,0.1524,55.5,0.00172668,127.763,475
3150,0.0,0.1524,55.5,0.00172668,127.753,476
4000,0.0,0.1524,55.5,0.00172668,127.233,477
5000,0.0,0.1524,55.5,0.00172668,125.203,478
6300,0.0,0.1524,55.5,0.00172668,123.303,479
8000,0.0,0.1524,55.5,0.00172668,121.903,480
10000,0.0,0.1524,55.5,0.00172668,119.253,481
12500,0.0,0.1524,55.5,0.00172668,117.093,482
16000,0.0,0.1524,55.5,0.00172668,112.803,483
500,0.0,0.1524,39.6,0.00193287,119.513,484
630,0.0,0.1524,39.6,0.00193287,124.403,485
800,0.0,0.1524,39.6,0.00193287,127.903,486
1000,0.0,0.1524,39.6,0.00193287,130.033,487
1250,0.0,0.1524,39.6,0.00193287,131.023,488
1600,0.0,0.1524,39.6,0.00193287,131.013,489
2000,0.0,0.1524,39.6,0.00193287,129.633,490
2500,0.0,0.1524,39.6,0.00193287,126.863,491
3150,0.0,0.1524,39.6,0.00193287,125.603,492
4000,0.0,0.1524,39.6,0.00193287,125.343,493
5000,0.0,0.1524,39.6,0.00193287,123.453,494
6300,0.0,0.1524,39.6,0.00193287,121.313,495
8000,0.0,0.1524,39.6,0.00193287,120.553,496
10000,0.0,0.1524,39.6,0.00193287,115.413,497
500,0.0,0.1524,31.7,0.00209405,121.617,498
630,0.0,0.1524,31.7,0.00209405,125.997,499
800,0.0,0.1524,31.7,0.00209405,129.117,500
1000,0.0,0.1524,31.7,0.00209405,130.987,501
1250,0.0,0.1524,31.7,0.00209405,131.467,502
1600,0.0,0.1524,31.7,0.00209405,130.817,503
2000,0.0,0.1524,31.7,0.00209405,128.907,504
2500,0.0,0.1524,31.7,0.00209405,125.867,505
3150,0.0,0.1524,31.7,0.00209405,124.207,506
4000,0.0,0.1524,31.7,0.00209405,123.807,507
5000,0.0,0.1524,31.7,0.00209405,122.397,508
6300,0.0,0.1524,31.7,0.00209405,119.737,509
8000,0.0,0.1524,31.7,0.00209405,117.957,510
630,2.7,0.1524,71.3,0.00243851,127.404,511
800,2.7,0.1524,71.3,0.00243851,127.394,512
1000,2.7,0.1524,71.3,0.00243851,128.774,513
1250,2.7,0.1524,71.3,0.00243851,130.144,514
1600,2.7,0.1524,71.3,0.00243851,130.644,515
2000,2.7,0.1524,71.3,0.00243851,130.114,516
2500,2.7,0.1524,71.3,0.00243851,128.334,517
3150,2.7,0.1524,71.3,0.00243851,127.054,518
4000,2.7,0.1524,71.3,0.00243851,126.534,519
5000,2.7,0.1524,71.3,0.00243851,124.364,520
6300,2.7,0.1524,71.3,0.00243851,121.944,521
8000,2.7,0.1524,71.3,0.00243851,120.534,522
10000,2.7,0.1524,71.3,0.00243851,116.724,523
12500,2.7,0.1524,71.3,0.00243851,113.034,524
16000,2.7,0.1524,71.3,0.00243851,110.364,525
500,2.7,0.1524,39.6,0.00294804,121.009,526
630,2.7,0.1524,39.6,0.00294804,125.809,527
800,2.7,0.1524,39.6,0.00294804,128.829,528
1000,2.7,0.1524,39.6,0.00294804,130.589,529
1250,2.7,0.1524,39.6,0.00294804,130.829,530
1600,2.7,0.1524,39.6,0.00294804,130.049,531
2000,2.7,0.1524,39.6,0.00294804,128.139,532
2500,2.7,0.1524,39.6,0.00294804,125.589,533
3150,2.7,0.1524,39.6,0.00294804,122.919,534
4000,2.7,0.1524,39.6,0.00294804,121.889,535
5000,2.7,0.1524,39.6,0.00294804,121.499,536
6300,2.7,0.1524,39.6,0.00294804,119.209,537
8000,2.7,0.1524,39.6,0.00294804,116.659,538
10000,2.7,0.1524,39.6,0.00294804,112.589,539
12500,2.7,0.1524,39.6,0.00294804,108.649,540
400,5.4,0.1524,71.3,0.00401199,124.121,541
500,5.4,0.1524,71.3,0.00401199,126.291,542
630,5.4,0.1524,71.3,0.00401199,128.971,543
800,5.4,0.1524,71.3,0.00401199,131.281,544
1000,5.4,0.1524,71.3,0.00401199,133.201,545
1250,5.4,0.1524,71.3,0.00401199,134.111,546
1600,5.4,0.1524,71.3,0.00401199,133.241,547
2000,5.4,0.1524,71.3,0.00401199,131.111,548
2500,5.4,0.1524,71.3,0.00401199,127.591,549
3150,5.4,0.1524,71.3,0.00401199,123.311,550
4000,5.4,0.1524,71.3,0.00401199,121.431,551
5000,5.4,0.1524,71.3,0.00401199,120.061,552
6300,5.4,0.1524,71.3,0.00401199,116.411,553
400,5.4,0.1524,55.5,0.00433288,126.807,554
500,5.4,0.1524,55.5,0.00433288,129.367,555
630,5.4,0.1524,55.5,0.00433288,131.807,556
800,5.4,0.1524,55.5,0.00433288,133.097,557
1000,5.4,0.1524,55.5,0.00433288,132.127,558
1250,5.4,0.1524,55.5,0.00433288,130.777,559
1600,5.4,0.1524,55.5,0.00433288,130.567,560
2000,5.4,0.1524,55.5,0.00433288,128.707,561
2500,5.4,0.1524,55.5,0.00433288,124.077,562
3150,5.4,0.1524,55.5,0.00433288,121.587,563
4000,5.4,0.1524,55.5,0.00433288,119.737,564
5000,5.4,0.1524,55.5,0.00433288,118.757,565
6300,5.4,0.1524,55.5,0.00433288,117.287,566
8000,5.4,0.1524,55.5,0.00433288,114.927,567
315,5.4,0.1524,39.6,0.00485029,125.347,568
400,5.4,0.1524,39.6,0.00485029,127.637,569
500,5.4,0.1524,39.6,0.00485029,129.937,570
630,5.4,0.1524,39.6,0.00485029,132.357,571
800,5.4,0.1524,39.6,0.00485029,132.757,572
1000,5.4,0.1524,39.6,0.00485029,130.507,573
1250,5.4,0.1524,39.6,0.00485029,127.117,574
1600,5.4,0.1524,39.6,0.00485029,126.267,575
2000,5.4,0.1524,39.6,0.00485029,124.647,576
2500,5.4,0.1524,39.6,0.00485029,120.497,577
3150,5.4,0.1524,39.6,0.00485029,119.137,578
4000,5.4,0.1524,39.6,0.00485029,117.137,579
5000,5.4,0.1524,39.6,0.00485029,117.037,580
6300,5.4,0.1524,39.6,0.00485029,116.677,581
315,5.4,0.1524,31.7,0.00525474,125.741,582
400,5.4,0.1524,31.7,0.00525474,127.781,583
500,5.4,0.1524,31.7,0.00525474,129.681,584
630,5.4,0.1524,31.7,0.00525474,131.471,585
800,5.4,0.1524,31.7,0.00525474,131.491,586
1000,5.4,0.1524,31.7,0.00525474,128.241,587
1250,5.4,0.1524,31.7,0.00525474,123.991,588
1600,5.4,0.1524,31.7,0.00525474,123.761,589
2000,5.4,0.1524,31.7,0.00525474,122.771,590
2500,5.4,0.1524,31.7,0.00525474,119.151,591
3150,5.4,0.1524,31.7,0.00525474,118.291,592
4000,5.4,0.1524,31.7,0.00525474,116.181,593
5000,5.4,0.1524,31.7,0.00525474,115.691,594
6300,5.4,0.1524,31.7,0.00525474,115.591,595
315,7.2,0.1524,71.3,0.00752039,128.713,596
400,7.2,0.1524,71.3,0.00752039,130.123,597
500,7.2,0.1524,71.3,0.00752039,132.043,598
630,7.2,0.1524,71.3,0.00752039,134.853,599
800,7.2,0.1524,71.3,0.00752039,136.023,600
1000,7.2,0.1524,71.3,0.00752039,134.273,601
1250,7.2,0.1524,71.3,0.00752039,132.513,602
1600,7.2,0.1524,71.3,0.00752039,130.893,603
2000,7.2,0.1524,71.3,0.00752039,128.643,604
2500,7.2,0.1524,71.3,0.00752039,124.353,605
3150,7.2,0.1524,71.3,0.00752039,116.783,606
4000,7.2,0.1524,71.3,0.00752039,119.343,607
5000,7.2,0.1524,71.3,0.00752039,118.343,608
6300,7.2,0.1524,71.3,0.00752039,116.603,609
8000,7.2,0.1524,71.3,0.00752039,113.333,610
10000,7.2,0.1524,71.3,0.00752039,110.313,611
250,7.2,0.1524,39.6,0.00909175,127.488,612
315,7.2,0.1524,39.6,0.00909175,130.558,613
400,7.2,0.1524,39.6,0.00909175,132.118,614
500,7.2,0.1524,39.6,0.00909175,132.658,615
630,7.2,0.1524,39.6,0.00909175,133.198,616
800,7.2,0.1524,39.6,0.00909175,132.358,617
1000,7.2,0.1524,39.6,0.00909175,128.338,618
1250,7.2,0.1524,39.6,0.00909175,122.428,619
1600,7.2,0.1524,39.6,0.00909175,120.058,620
2000,7.2,0.1524,39.6,0.00909175,120.228,621
2500,7.2,0.1524,39.6,0.00909175,117.478,622
3150,7.2,0.1524,39.6,0.00909175,111.818,623
4000,7.2,0.1524,39.6,0.00909175,114.258,624
5000,7.2,0.1524,39.6,0.00909175,113.288,625
6300,7.2,0.1524,39.6,0.00909175,112.688,626
8000,7.2,0.1524,39.6,0.00909175,111.588,627
10000,7.2,0.1524,39.6,0.00909175,110.868,628
200,9.9,0.1524,71.3,0.0193001,134.319,629
250,9.9,0.1524,71.3,0.0193001,135.329,630
315,9.9,0.1524,71.3,0.0193001,135.459,631
400,9.9,0.1524,71.3,0.0193001,135.079,632
500,9.9,0.1524,71.3,0.0193001,131.279,633
630,9.9,0.1524,71.3,0.0193001,129.889,634
800,9.9,0.1524,71.3,0.0193001,128.879,635
1000,9.9,0.1524,71.3,0.0193001,126.349,636
1250,9.9,0.1524,71.3,0.0193001,122.679,637
1600,9.9,0.1524,71.3,0.0193001,121.789,638
2000,9.9,0.1524,71.3,0.0193001,120.779,639
2500,9.9,0.1524,71.3,0.0193001,119.639,640
3150,9.9,0.1524,71.3,0.0193001,116.849,641
4000,9.9,0.1524,71.3,0.0193001,115.079,642
5000,9.9,0.1524,71.3,0.0193001,114.569,643
6300,9.9,0.1524,71.3,0.0193001,112.039,644
200,9.9,0.1524,55.5,0.0208438,131.955,645
250,9.9,0.1524,55.5,0.0208438,133.235,646
315,9.9,0.1524,55.5,0.0208438,132.355,647
400,9.9,0.1524,55.5,0.0208438,131.605,648
500,9.9,0.1524,55.5,0.0208438,127.815,649
630,9.9,0.1524,55.5,0.0208438,127.315,650
800,9.9,0.1524,55.5,0.0208438,126.565,651
1000,9.9,0.1524,55.5,0.0208438,124.665,652
1250,9.9,0.1524,55.5,0.0208438,121.635,653
1600,9.9,0.1524,55.5,0.0208438,119.875,654
2000,9.9,0.1524,55.5,0.0208438,119.505,655
2500,9.9,0.1524,55.5,0.0208438,118.365,656
3150,9.9,0.1524,55.5,0.0208438,115.085,657
4000,9.9,0.1524,55.5,0.0208438,112.945,658
5000,9.9,0.1524,55.5,0.0208438,112.065,659
6300,9.9,0.1524,55.5,0.0208438,110.555,660
200,9.9,0.1524,39.6,0.0233328,127.315,661
250,9.9,0.1524,39.6,0.0233328,128.335,662
315,9.9,0.1524,39.6,0.0233328,128.595,663
400,9.9,0.1524,39.6,0.0233328,128.345,664
500,9.9,0.1524,39.6,0.0233328,126.835,665
630,9.9,0.1524,39.6,0.0233328,126.465,666
800,9.9,0.1524,39.6,0.0233328,126.345,667
1000,9.9,0.1524,39.6,0.0233328,123.835,668
1250,9.9,0.1524,39.6,0.0233328,120.555,669
1600,9.9,0.1524,39.6,0.0233328,118.545,670
2000,9.9,0.1524,39.6,0.0233328,117.925,671
2500,9.9,0.1524,39.6,0.0233328,116.295,672
3150,9.9,0.1524,39.6,0.0233328,113.525,673
4000,9.9,0.1524,39.6,0.0233328,112.265,674
5000,9.9,0.1524,39.6,0.0233328,111.135,675
6300,9.9,0.1524,39.6,0.0233328,109.885,676
200,9.9,0.1524,31.7,0.0252785,127.299,677
250,9.9,0.1524,31.7,0.0252785,128.559,678
315,9.9,0.1524,31.7,0.0252785,128.809,679
400,9.9,0.1524,31.7,0.0252785,128.939,680
500,9.9,0.1524,31.7,0.0252785,127.179,681
630,9.9,0.1524,31.7,0.0252785,126.049,682
800,9.9,0.1524,31.7,0.0252785,125.539,683
1000,9.9,0.1524,31.7,0.0252785,122.149,684
1250,9.9,0.1524,31.7,0.0252785,118.619,685
1600,9.9,0.1524,31.7,0.0252785,117.119,686
2000,9.9,0.1524,31.7,0.0252785,116.859,687
2500,9.9,0.1524,31.7,0.0252785,114.729,688
3150,9.9,0.1524,31.7,0.0252785,112.209,689
4000,9.9,0.1524,31.7,0.0252785,111.459,690
5000,9.9,0.1524,31.7,0.0252785,109.949,691
6300,9.9,0.1524,31.7,0.0252785,108.689,692
200,12.6,0.1524,71.3,0.0483159,128.354,693
250,12.6,0.1524,71.3,0.0483159,129.744,694
315,12.6,0.1524,71.3,0.0483159,128.484,695
400,12.6,0.1524,71.3,0.0483159,127.094,696
500,12.6,0.1524,71.3,0.0483159,121.664,697
630,12.6,0.1524,71.3,0.0483159,123.304,698
800,12.6,0.1524,71.3,0.0483159,123.054,699
1000,12.6,0.1524,71.3,0.0483159,122.044,700
1250,12.6,0.1524,71.3,0.0483159,120.154,701
1600,12.6,0.1524,71.3,0.0483159,120.534,702
2000,12.6,0.1524,71.3,0.0483159,117.504,703
2500,12.6,0.1524,71.3,0.0483159,115.234,704
3150,12.6,0.1524,71.3,0.0483159,113.334,705
4000,12.6,0.1524,71.3,0.0483159,108.034,706
5000,12.6,0.1524,71.3,0.0483159,108.034,707
6300,12.6,0.1524,71.3,0.0483159,107.284,708
200,12.6,0.1524,39.6,0.0584113,114.75,709
250,12.6,0.1524,39.6,0.0584113,115.89,710
315,12.6,0.1524,39.6,0.0584113,116.02,711
400,12.6,0.1524,39.6,0.0584113,115.91,712
500,12.6,0.1524,39.6,0.0584113,114.9,713
630,12.6,0.1524,39.6,0.0584113,116.55,714
800,12.6,0.1524,39.6,0.0584113,116.56,715
1000,12.6,0.1524,39.6,0.0584113,114.67,716
1250,12.6,0.1524,39.6,0.0584113,112.16,717
1600,12.6,0.1524,39.6,0.0584113,110.78,718
2000,12.6,0.1524,39.6,0.0584113,109.52,719
2500,12.6,0.1524,39.6,0.0584113,106.88,720
3150,12.6,0.1524,39.6,0.0584113,106.26,721
4000,12.6,0.1524,39.6,0.0584113,104.5,722
5000,12.6,0.1524,39.6,0.0584113,104.13,723
6300,12.6,0.1524,39.6,0.0584113,103.38,724
800,0.0,0.0508,71.3,0.000740478,130.96,725
1000,0.0,0.0508,71.3,0.000740478,129.45,726
1250,0.0,0.0508,71.3,0.000740478,128.56,727
1600,0.0,0.0508,71.3,0.000740478,129.68,728
2000,0.0,0.0508,71.3,0.000740478,131.06,729
2500,0.0,0.0508,71.3,0.000740478,131.31,730
3150,0.0,0.0508,71.3,0.000740478,135.07,731
4000,0.0,0.0508,71.3,0.000740478,134.43,732
5000,0.0,0.0508,71.3,0.000740478,134.43,733
6300,0.0,0.0508,71.3,0.000740478,133.04,734
8000,0.0,0.0508,71.3,0.000740478,130.89,735
10000,0.0,0.0508,71.3,0.000740478,128.74,736
12500,0.0,0.0508,71.3,0.000740478,125.22,737
800,0.0,0.0508,55.5,0.00076193,124.336,738
1000,0.0,0.0508,55.5,0.00076193,125.586,739
1250,0.0,0.0508,55.5,0.00076193,127.076,740
1600,0.0,0.0508,55.5,0.00076193,128.576,741
2000,0.0,0.0508,55.5,0.00076193,131.456,742
2500,0.0,0.0508,55.5,0.00076193,133.956,743
3150,0.0,0.0508,55.5,0.00076193,134.826,744
4000,0.0,0.0508,55.5,0.00076193,134.946,745
5000,0.0,0.0508,55.5,0.00076193,134.556,746
6300,0.0,0.0508,55.5,0.00076193,132.796,747
8000,0.0,0.0508,55.5,0.00076193,130.156,748
10000,0.0,0.0508,55.5,0.00076193,127.636,749
12500,0.0,0.0508,55.5,0.00076193,125.376,750
800,0.0,0.0508,39.6,0.000791822,126.508,751
1000,0.0,0.0508,39.6,0.000791822,127.638,752
1250,0.0,0.0508,39.6,0.000791822,129.148,753
1600,0.0,0.0508,39.6,0.000791822,130.908,754
2000,0.0,0.0508,39.6,0.000791822,132.918,755
2500,0.0,0.0508,39.6,0.000791822,134.938,756
3150,0.0,0.0508,39.6,0.000791822,135.938,757
4000,0.0,0.0508,39.6,0.000791822,135.308,758
5000,0.0,0.0508,39.6,0.000791822,134.308,759
6300,0.0,0.0508,39.6,0.000791822,131.918,760
8000,0.0,0.0508,39.6,0.000791822,128.518,761
10000,0.0,0.0508,39.6,0.000791822,125.998,762
12500,0.0,0.0508,39.6,0.000791822,123.988,763
800,0.0,0.0508,31.7,0.000812164,122.79,764
1000,0.0,0.0508,31.7,0.000812164,126.78,765
1250,0.0,0.0508,31.7,0.000812164,129.27,766
1600,0.0,0.0508,31.7,0.000812164,131.01,767
2000,0.0,0.0508,31.7,0.000812164,133.01,768
2500,0.0,0.0508,31.7,0.000812164,134.87,769
3150,0.0,0.0508,31.7,0.000812164,135.49,770
4000,0.0,0.0508,31.7,0.000812164,134.11,771
5000,0.0,0.0508,31.7,0.000812164,133.23,772
6300,0.0,0.0508,31.7,0.000812164,130.34,773
8000,0.0,0.0508,31.7,0.000812164,126.59,774
10000,0.0,0.0508,31.7,0.000812164,122.45,775
12500,0.0,0.0508,31.7,0.000812164,119.07,776
1600,4.2,0.0508,71.3,0.00142788,124.318,777
2000,4.2,0.0508,71.3,0.00142788,129.848,778
2500,4.2,0.0508,71.3,0.00142788,131.978,779
3150,4.2,0.0508,71.3,0.00142788,133.728,780
4000,4.2,0.0508,71.3,0.00142788,133.598,781
5000,4.2,0.0508,71.3,0.00142788,132.828,782
6300,4.2,0.0508,71.3,0.00142788,129.308,783
8000,4.2,0.0508,71.3,0.00142788,125.268,784
10000,4.2,0.0508,71.3,0.00142788,121.238,785
12500,4.2,0.0508,71.3,0.00142788,117.328,786
1000,4.2,0.0508,39.6,0.00152689,125.647,787
1250,4.2,0.0508,39.6,0.00152689,128.427,788
1600,4.2,0.0508,39.6,0.00152689,130.197,789
2000,4.2,0.0508,39.6,0.00152689,132.587,790
2500,4.2,0.0508,39.6,0.00152689,133.847,791
3150,4.2,0.0508,39.6,0.00152689,133.587,792
4000,4.2,0.0508,39.6,0.00152689,131.807,793
5000,4.2,0.0508,39.6,0.00152689,129.777,794
6300,4.2,0.0508,39.6,0.00152689,125.717,795
8000,4.2,0.0508,39.6,0.00152689,120.397,796
10000,4.2,0.0508,39.6,0.00152689,116.967,797
800,8.4,0.0508,71.3,0.00529514,127.556,798
1000,8.4,0.0508,71.3,0.00529514,129.946,799
1250,8.4,0.0508,71.3,0.00529514,132.086,800
1600,8.4,0.0508,71.3,0.00529514,133.846,801
2000,8.4,0.0508,71.3,0.00529514,134.476,802
2500,8.4,0.0508,71.3,0.00529514,134.226,803
3150,8.4,0.0508,71.3,0.00529514,131.966,804
4000,8.4,0.0508,71.3,0.00529514,126.926,805
5000,8.4,0.0508,71.3,0.00529514,121.146,806
400,8.4,0.0508,55.5,0.00544854,121.582,807
500,8.4,0.0508,55.5,0.00544854,123.742,808
630,8.4,0.0508,55.5,0.00544854,126.152,809
800,8.4,0.0508,55.5,0.00544854,128.562,810
1000,8.4,0.0508,55.5,0.00544854,130.722,811
1250,8.4,0.0508,55.5,0.00544854,132.252,812
1600,8.4,0.0508,55.5,0.00544854,133.032,813
2000,8.4,0.0508,55.5,0.00544854,133.042,814
2500,8.4,0.0508,55.5,0.00544854,131.542,815
3150,8.4,0.0508,55.5,0.00544854,128.402,816
4000,8.4,0.0508,55.5,0.00544854,122.612,817
5000,8.4,0.0508,55.5,0.00544854,115.812,818
400,8.4,0.0508,39.6,0.00566229,120.015,819
500,8.4,0.0508,39.6,0.00566229,122.905,820
630,8.4,0.0508,39.6,0.00566229,126.045,821
800,8.4,0.0508,39.6,0.00566229,128.435,822
1000,8.4,0.0508,39.6,0.00566229,130.195,823
1250,8.4,0.0508,39.6,0.00566229,131.205,824
1600,8.4,0.0508,39.6,0.00566229,130.965,825
2000,8.4,0.0508,39.6,0.00566229,129.965,826
2500,8.4,0.0508,39.6,0.00566229,127.465,827
3150,8.4,0.0508,39.6,0.00566229,123.965,828
4000,8.4,0.0508,39.6,0.00566229,118.955,829
400,8.4,0.0508,31.7,0.00580776,120.076,830
500,8.4,0.0508,31.7,0.00580776,122.966,831
630,8.4,0.0508,31.7,0.00580776,125.856,832
800,8.4,0.0508,31.7,0.00580776,128.246,833
1000,8.4,0.0508,31.7,0.00580776,129.516,834
1250,8.4,0.0508,31.7,0.00580776,130.156,835
1600,8.4,0.0508,31.7,0.00580776,129.296,836
2000,8.4,0.0508,31.7,0.00580776,127.686,837
2500,8.4,0.0508,31.7,0.00580776,125.576,838
3150,8.4,0.0508,31.7,0.00580776,122.086,839
4000,8.4,0.0508,31.7,0.00580776,118.106,840
200,11.2,0.0508,71.3,0.014072,125.941,841
250,11.2,0.0508,71.3,0.014072,127.101,842
315,11.2,0.0508,71.3,0.014072,128.381,843
400,11.2,0.0508,71.3,0.014072,129.281,844
500,11.2,0.0508,71.3,0.014072,130.311,845
630,11.2,0.0508,71.3,0.014072,133.611,846
800,11.2,0.0508,71.3,0.014072,136.031,847
1000,11.2,0.0508,71.3,0.014072,136.941,848
1250,11.2,0.0508,71.3,0.014072,136.191,849
1600,11.2,0.0508,71.3,0.014072,135.191,850
2000,11.2,0.0508,71.3,0.014072,133.311,851
2500,11.2,0.0508,71.3,0.014072,130.541,852
3150,11.2,0.0508,71.3,0.014072,127.141,853
4000,11.2,0.0508,71.3,0.014072,122.471,854
200,11.2,0.0508,39.6,0.0150478,125.01,855
250,11.2,0.0508,39.6,0.0150478,126.43,856
315,11.2,0.0508,39.6,0.0150478,128.99,857
400,11.2,0.0508,39.6,0.0150478,130.67,858
500,11.2,0.0508,39.6,0.0150478,131.96,859
630,11.2,0.0508,39.6,0.0150478,133.13,860
800,11.2,0.0508,39.6,0.0150478,133.79,861
1000,11.2,0.0508,39.6,0.0150478,132.43,862
1250,11.2,0.0508,39.6,0.0150478,130.05,863
1600,11.2,0.0508,39.6,0.0150478,126.54,864
2000,11.2,0.0508,39.6,0.0150478,124.42,865
2500,11.2,0.0508,39.6,0.0150478,122.17,866
3150,11.2,0.0508,39.6,0.0150478,119.67,867
4000,11.2,0.0508,39.6,0.0150478,115.52,868
200,15.4,0.0508,71.3,0.0264269,123.595,869
250,15.4,0.0508,71.3,0.0264269,124.835,870
315,15.4,0.0508,71.3,0.0264269,126.195,871
400,15.4,0.0508,71.3,0.0264269,126.805,872
500,15.4,0.0508,71.3,0.0264269,127.285,873
630,15.4,0.0508,71.3,0.0264269,129.645,874
800,15.4,0.0508,71.3,0.0264269,131.515,875
1000,15.4,0.0508,71.3,0.0264269,131.865,876
1250,15.4,0.0508,71.3,0.0264269,130.845,877
1600,15.4,0.0508,71.3,0.0264269,130.065,878
2000,15.4,0.0508,71.3,0.0264269,129.285,879
2500,15.4,0.0508,71.3,0.0264269,127.625,880
3150,15.4,0.0508,71.3,0.0264269,125.715,881
4000,15.4,0.0508,71.3,0.0264269,122.675,882
5000,15.4,0.0508,71.3,0.0264269,119.135,883
6300,15.4,0.0508,71.3,0.0264269,115.215,884
8000,15.4,0.0508,71.3,0.0264269,112.675,885
200,15.4,0.0508,55.5,0.0271925,122.94,886
250,15.4,0.0508,55.5,0.0271925,124.17,887
315,15.4,0.0508,55.5,0.0271925,125.39,888
400,15.4,0.0508,55.5,0.0271925,126.5,889
500,15.4,0.0508,55.5,0.0271925,127.22,890
630,15.4,0.0508,55.5,0.0271925,129.33,891
800,15.4,0.0508,55.5,0.0271925,130.43,892
1000,15.4,0.0508,55.5,0.0271925,130.4,893
1250,15.4,0.0508,55.5,0.0271925,130.0,894
1600,15.4,0.0508,55.5,0.0271925,128.2,895
2000,15.4,0.0508,55.5,0.0271925,127.04,896
2500,15.4,0.0508,55.5,0.0271925,125.63,897
3150,15.4,0.0508,55.5,0.0271925,123.46,898
4000,15.4,0.0508,55.5,0.0271925,120.92,899
5000,15.4,0.0508,55.5,0.0271925,117.11,900
6300,15.4,0.0508,55.5,0.0271925,112.93,901
200,15.4,0.0508,39.6,0.0282593,121.783,902
250,15.4,0.0508,39.6,0.0282593,122.893,903
315,15.4,0.0508,39.6,0.0282593,124.493,904
400,15.4,0.0508,39.6,0.0282593,125.353,905
500,15.4,0.0508,39.6,0.0282593,125.963,906
630,15.4,0.0508,39.6,0.0282593,127.443,907
800,15.4,0.0508,39.6,0.0282593,128.423,908
1000,15.4,0.0508,39.6,0.0282593,127.893,909
1250,15.4,0.0508,39.6,0.0282593,126.743,910
1600,15.4,0.0508,39.6,0.0282593,124.843,911
2000,15.4,0.0508,39.6,0.0282593,123.443,912
2500,15.4,0.0508,39.6,0.0282593,122.413,913
3150,15.4,0.0508,39.6,0.0282593,120.513,914
4000,15.4,0.0508,39.6,0.0282593,118.113,915
5000,15.4,0.0508,39.6,0.0282593,114.453,916
6300,15.4,0.0508,39.6,0.0282593,109.663,917
200,15.4,0.0508,31.7,0.0289853,119.975,918
250,15.4,0.0508,31.7,0.0289853,121.225,919
315,15.4,0.0508,31.7,0.0289853,122.845,920
400,15.4,0.0508,31.7,0.0289853,123.705,921
500,15.4,0.0508,31.7,0.0289853,123.695,922
630,15.4,0.0508,31.7,0.0289853,124.685,923
800,15.4,0.0508,31.7,0.0289853,125.555,924
1000,15.4,0.0508,31.7,0.0289853,124.525,925
1250,15.4,0.0508,31.7,0.0289853,123.255,926
1600,15.4,0.0508,31.7,0.0289853,121.485,927
2000,15.4,0.0508,31.7,0.0289853,120.835,928
2500,15.4,0.0508,31.7,0.0289853,119.945,929
3150,15.4,0.0508,31.7,0.0289853,118.045,930
4000,15.4,0.0508,31.7,0.0289853,115.635,931
5000,15.4,0.0508,31.7,0.0289853,112.355,932
6300,15.4,0.0508,31.7,0.0289853,108.185,933
200,19.7,0.0508,71.3,0.0341183,118.005,934
250,19.7,0.0508,71.3,0.0341183,119.115,935
315,19.7,0.0508,71.3,0.0341183,121.235,936
400,19.7,0.0508,71.3,0.0341183,123.865,937
500,19.7,0.0508,71.3,0.0341183,126.995,938
630,19.7,0.0508,71.3,0.0341183,128.365,939
800,19.7,0.0508,71.3,0.0341183,124.555,940
1000,19.7,0.0508,71.3,0.0341183,121.885,941
1250,19.7,0.0508,71.3,0.0341183,121.485,942
1600,19.7,0.0508,71.3,0.0341183,120.575,943
2000,19.7,0.0508,71.3,0.0341183,120.055,944
2500,19.7,0.0508,71.3,0.0341183,118.385,945
3150,19.7,0.0508,71.3,0.0341183,116.225,946
4000,19.7,0.0508,71.3,0.0341183,113.045,947
200,19.7,0.0508,39.6,0.036484,125.974,948
250,19.7,0.0508,39.6,0.036484,127.224,949
315,19.7,0.0508,39.6,0.036484,129.864,950
400,19.7,0.0508,39.6,0.036484,130.614,951
500,19.7,0.0508,39.6,0.036484,128.444,952
630,19.7,0.0508,39.6,0.036484,120.324,953
800,19.7,0.0508,39.6,0.036484,119.174,954
1000,19.7,0.0508,39.6,0.036484,118.904,955
1250,19.7,0.0508,39.6,0.036484,118.634,956
1600,19.7,0.0508,39.6,0.036484,117.604,957
2000,19.7,0.0508,39.6,0.036484,117.724,958
2500,19.7,0.0508,39.6,0.036484,116.184,959
3150,19.7,0.0508,39.6,0.036484,113.004,960
4000,19.7,0.0508,39.6,0.036484,108.684,961
2500,0.0,0.0254,71.3,0.000400682,133.707,962
3150,0.0,0.0254,71.3,0.000400682,137.007,963
4000,0.0,0.0254,71.3,0.000400682,138.557,964
5000,0.0,0.0254,71.3,0.000400682,136.837,965
6300,0.0,0.0254,71.3,0.000400682,134.987,966
8000,0.0,0.0254,71.3,0.000400682,129.867,967
10000,0.0,0.0254,71.3,0.000400682,130.787,968
12500,0.0,0.0254,71.3,0.000400682,133.207,969
16000,0.0,0.0254,71.3,0.000400682,130.477,970
20000,0.0,0.0254,71.3,0.000400682,123.217,971
2000,0.0,0.0254,55.5,0.00041229,127.623,972
2500,0.0,0.0254,55.5,0.00041229,130.073,973
3150,0.0,0.0254,55.5,0.00041229,130.503,974
4000,0.0,0.0254,55.5,0.00041229,133.223,975
5000,0.0,0.0254,55.5,0.00041229,135.803,976
6300,0.0,0.0254,55.5,0.00041229,136.103,977
8000,0.0,0.0254,55.5,0.00041229,136.163,978
10000,0.0,0.0254,55.5,0.00041229,134.563,979
12500,0.0,0.0254,55.5,0.00041229,131.453,980
16000,0.0,0.0254,55.5,0.00041229,125.683,981
20000,0.0,0.0254,55.5,0.00041229,121.933,982
1600,0.0,0.0254,39.6,0.000428464,124.156,983
2000,0.0,0.0254,39.6,0.000428464,130.026,984
2500,0.0,0.0254,39.6,0.000428464,131.836,985
3150,0.0,0.0254,39.6,0.000428464,133.276,986
4000,0.0,0.0254,39.6,0.000428464,135.346,987
5000,0.0,0.0254,39.6,0.000428464,136.536,988
6300,0.0,0.0254,39.6,0.000428464,136.826,989
8000,0.0,0.0254,39.6,0.000428464,135.866,990
10000,0.0,0.0254,39.6,0.000428464,133.376,991
12500,0.0,0.0254,39.6,0.000428464,129.116,992
16000,0.0,0.0254,39.6,0.000428464,124.986,993
1000,0.0,0.0254,31.7,0.000439472,125.127,994
1250,0.0,0.0254,31.7,0.000439472,127.947,995
1600,0.0,0.0254,31.7,0.000439472,129.267,996
2000,0.0,0.0254,31.7,0.000439472,130.697,997
2500,0.0,0.0254,31.7,0.000439472,132.897,998
3150,0.0,0.0254,31.7,0.000439472,135.227,999
4000,0.0,0.0254,31.7,0.000439472,137.047,1000
5000,0.0,0.0254,31.7,0.000439472,138.607,1001
6300,0.0,0.0254,31.7,0.000439472,138.537,1002
8000,0.0,0.0254,31.7,0.000439472,137.207,1003
10000,0.0,0.0254,31.7,0.000439472,134.227,1004
12500,0.0,0.0254,31.7,0.000439472,128.977,1005
16000,0.0,0.0254,31.7,0.000439472,125.627,1006
2000,4.8,0.0254,71.3,0.000848633,128.398,1007
2500,4.8,0.0254,71.3,0.000848633,130.828,1008
3150,4.8,0.0254,71.3,0.000848633,133.378,1009
4000,4.8,0.0254,71.3,0.000848633,134.928,1010
5000,4.8,0.0254,71.3,0.000848633,135.468,1011
6300,4.8,0.0254,71.3,0.000848633,134.498,1012
8000,4.8,0.0254,71.3,0.000848633,131.518,1013
10000,4.8,0.0254,71.3,0.000848633,127.398,1014
12500,4.8,0.0254,71.3,0.000848633,127.688,1015
16000,4.8,0.0254,71.3,0.000848633,124.208,1016
20000,4.8,0.0254,71.3,0.000848633,119.708,1017
1600,4.8,0.0254,55.5,0.000873218,121.474,1018
2000,4.8,0.0254,55.5,0.000873218,125.054,1019
2500,4.8,0.0254,55.5,0.000873218,129.144,1020
3150,4.8,0.0254,55.5,0.000873218,132.354,1021
4000,4.8,0.0254,55.5,0.000873218,133.924,1022
5000,4.8,0.0254,55.5,0.000873218,135.484,1023
6300,4.8,0.0254,55.5,0.000873218,135.164,1024
8000,4.8,0.0254,55.5,0.000873218,132.184,1025
10000,4.8,0.0254,55.5,0.000873218,126.944,1026
12500,4.8,0.0254,55.5,0.000873218,125.094,1027
16000,4.8,0.0254,55.5,0.000873218,124.394,1028
20000,4.8,0.0254,55.5,0.000873218,121.284,1029
500,4.8,0.0254,39.6,0.000907475,116.366,1030
630,4.8,0.0254,39.6,0.000907475,118.696,1031
800,4.8,0.0254,39.6,0.000907475,120.766,1032
1000,4.8,0.0254,39.6,0.000907475,122.956,1033
1250,4.8,0.0254,39.6,0.000907475,125.026,1034
1600,4.8,0.0254,39.6,0.000907475,125.966,1035
2000,4.8,0.0254,39.6,0.000907475,128.916,1036
2500,4.8,0.0254,39.6,0.000907475,131.236,1037
3150,4.8,0.0254,39.6,0.000907475,133.436,1038
4000,4.8,0.0254,39.6,0.000907475,134.996,1039
5000,4.8,0.0254,39.6,0.000907475,135.426,1040
6300,4.8,0.0254,39.6,0.000907475,134.336,1041
8000,4.8,0.0254,39.6,0.000907475,131.346,1042
10000,4.8,0.0254,39.6,0.000907475,126.066,1043
500,4.8,0.0254,31.7,0.000930789,116.128,1044
630,4.8,0.0254,31.7,0.000930789,120.078,1045
800,4.8,0.0254,31.7,0.000930789,122.648,1046
1000,4.8,0.0254,31.7,0.000930789,125.348,1047
1250,4.8,0.0254,31.7,0.000930789,127.408,1048
1600,4.8,0.0254,31.7,0.000930789,128.718,1049
2000,4.8,0.0254,31.7,0.000930789,130.148,1050
2500,4.8,0.0254,31.7,0.000930789,132.588,1051
3150,4.8,0.0254,31.7,0.000930789,134.268,1052
4000,4.8,0.0254,31.7,0.000930789,135.328,1053
5000,4.8,0.0254,31.7,0.000930789,135.248,1054
6300,4.8,0.0254,31.7,0.000930789,132.898,1055
8000,4.8,0.0254,31.7,0.000930789,127.008,1056
630,9.5,0.0254,71.3,0.00420654,125.726,1057
800,9.5,0.0254,71.3,0.00420654,127.206,1058
1000,9.5,0.0254,71.3,0.00420654,129.556,1059
1250,9.5,0.0254,71.3,0.00420654,131.656,1060
1600,9.5,0.0254,71.3,0.00420654,133.756,1061
2000,9.5,0.0254,71.3,0.00420654,134.976,1062
2500,9.5,0.0254,71.3,0.00420654,135.956,1063
3150,9.5,0.0254,71.3,0.00420654,136.166,1064
4000,9.5,0.0254,71.3,0.00420654,134.236,1065
5000,9.5,0.0254,71.3,0.00420654,131.186,1066
6300,9.5,0.0254,71.3,0.00420654,127.246,1067
400,9.5,0.0254,55.5,0.0043284,120.952,1068
500,9.5,0.0254,55.5,0.0043284,123.082,1069
630,9.5,0.0254,55.5,0.0043284,125.452,1070
800,9.5,0.0254,55.5,0.0043284,128.082,1071
1000,9.5,0.0254,55.5,0.0043284,130.332,1072
1250,9.5,0.0254,55.5,0.0043284,132.202,1073
1600,9.5,0.0254,55.5,0.0043284,133.062,1074
2000,9.5,0.0254,55.5,0.0043284,134.052,1075
2500,9.5,0.0254,55.5,0.0043284,134.152,1076
3150,9.5,0.0254,55.5,0.0043284,133.252,1077
4000,9.5,0.0254,55.5,0.0043284,131.582,1078
5000,9.5,0.0254,55.5,0.0043284,128.412,1079
6300,9.5,0.0254,55.5,0.0043284,124.222,1080
200,9.5,0.0254,39.6,0.00449821,116.074,1081
250,9.5,0.0254,39.6,0.00449821,116.924,1082
315,9.5,0.0254,39.6,0.00449821,119.294,1083
400,9.5,0.0254,39.6,0.00449821,121.154,1084
500,9.5,0.0254,39.6,0.00449821,123.894,1085
630,9.5,0.0254,39.6,0.00449821,126.514,1086
800,9.5,0.0254,39.6,0.00449821,129.014,1087
1000,9.5,0.0254,39.6,0.00449821,130.374,1088
1250,9.5,0.0254,39.6,0.00449821,130.964,1089
1600,9.5,0.0254,39.6,0.00449821,131.184,1090
2000,9.5,0.0254,39.6,0.00449821,131.274,1091
2500,9.5,0.0254,39.6,0.00449821,131.234,1092
3150,9.5,0.0254,39.6,0.00449821,129.934,1093
4000,9.5,0.0254,39.6,0.00449821,127.864,1094
5000,9.5,0.0254,39.6,0.00449821,125.044,1095
6300,9.5,0.0254,39.6,0.00449821,120.324,1096
200,9.5,0.0254,31.7,0.00461377,119.146,1097
250,9.5,0.0254,31.7,0.00461377,120.136,1098
315,9.5,0.0254,31.7,0.00461377,122.766,1099
400,9.5,0.0254,31.7,0.00461377,124.756,1100
500,9.5,0.0254,31.7,0.00461377,126.886,1101
630,9.5,0.0254,31.7,0.00461377,129.006,1102
800,9.5,0.0254,31.7,0.00461377,130.746,1103
1000,9.5,0.0254,31.7,0.00461377,131.346,1104
1250,9.5,0.0254,31.7,0.00461377,131.446,1105
1600,9.5,0.0254,31.7,0.00461377,131.036,1106
2000,9.5,0.0254,31.7,0.00461377,130.496,1107
2500,9.5,0.0254,31.7,0.00461377,130.086,1108
3150,9.5,0.0254,31.7,0.00461377,128.536,1109
4000,9.5,0.0254,31.7,0.00461377,126.736,1110
5000,9.5,0.0254,31.7,0.00461377,124.426,1111
6300,9.5,0.0254,31.7,0.00461377,120.726,1112
250,12.7,0.0254,71.3,0.0121808,119.698,1113
315,12.7,0.0254,71.3,0.0121808,122.938,1114
400,12.7,0.0254,71.3,0.0121808,125.048,1115
500,12.7,0.0254,71.3,0.0121808,126.898,1116
630,12.7,0.0254,71.3,0.0121808,128.878,1117
800,12.7,0.0254,71.3,0.0121808,130.348,1118
1000,12.7,0.0254,71.3,0.0121808,131.698,1119
1250,12.7,0.0254,71.3,0.0121808,133.048,1120
1600,12.7,0.0254,71.3,0.0121808,134.528,1121
2000,12.7,0.0254,71.3,0.0121808,134.228,1122
2500,12.7,0.0254,71.3,0.0121808,134.058,1123
3150,12.7,0.0254,71.3,0.0121808,133.758,1124
4000,12.7,0.0254,71.3,0.0121808,131.808,1125
5000,12.7,0.0254,71.3,0.0121808,128.978,1126
6300,12.7,0.0254,71.3,0.0121808,125.398,1127
8000,12.7,0.0254,71.3,0.0121808,120.538,1128
10000,12.7,0.0254,71.3,0.0121808,114.418,1129
250,12.7,0.0254,39.6,0.0130253,121.547,1130
315,12.7,0.0254,39.6,0.0130253,123.537,1131
400,12.7,0.0254,39.6,0.0130253,125.527,1132
500,12.7,0.0254,39.6,0.0130253,127.127,1133
630,12.7,0.0254,39.6,0.0130253,128.867,1134
800,12.7,0.0254,39.6,0.0130253,130.217,1135
1000,12.7,0.0254,39.6,0.0130253,130.947,1136
1250,12.7,0.0254,39.6,0.0130253,130.777,1137
1600,12.7,0.0254,39.6,0.0130253,129.977,1138
2000,12.7,0.0254,39.6,0.0130253,129.567,1139
2500,12.7,0.0254,39.6,0.0130253,129.027,1140
3150,12.7,0.0254,39.6,0.0130253,127.847,1141
4000,12.7,0.0254,39.6,0.0130253,126.537,1142
5000,12.7,0.0254,39.6,0.0130253,125.107,1143
6300,12.7,0.0254,39.6,0.0130253,123.177,1144
8000,12.7,0.0254,39.6,0.0130253,120.607,1145
10000,12.7,0.0254,39.6,0.0130253,116.017,1146
200,17.4,0.0254,71.3,0.016104,112.506,1147
250,17.4,0.0254,71.3,0.016104,113.796,1148
315,17.4,0.0254,71.3,0.016104,115.846,1149
400,17.4,0.0254,71.3,0.016104,117.396,1150
500,17.4,0.0254,71.3,0.016104,119.806,1151
630,17.4,0.0254,71.3,0.016104,122.606,1152
800,17.4,0.0254,71.3,0.016104,124.276,1153
1000,17.4,0.0254,71.3,0.016104,125.816,1154
1250,17.4,0.0254,71.3,0.016104,126.356,1155
1600,17.4,0.0254,71.3,0.016104,126.406,1156
2000,17.4,0.0254,71.3,0.016104,126.826,1157
2500,17.4,0.0254,71.3,0.016104,126.746,1158
3150,17.4,0.0254,71.3,0.016104,126.536,1159
4000,17.4,0.0254,71.3,0.016104,125.586,1160
5000,17.4,0.0254,71.3,0.016104,123.126,1161
6300,17.4,0.0254,71.3,0.016104,119.916,1162
8000,17.4,0.0254,71.3,0.016104,115.466,1163
200,17.4,0.0254,55.5,0.0165706,109.951,1164
250,17.4,0.0254,55.5,0.0165706,110.491,1165
315,17.4,0.0254,55.5,0.0165706,111.911,1166
400,17.4,0.0254,55.5,0.0165706,115.461,1167
500,17.4,0.0254,55.5,0.0165706,119.621,1168
630,17.4,0.0254,55.5,0.0165706,122.411,1169
800,17.4,0.0254,55.5,0.0165706,123.091,1170
1000,17.4,0.0254,55.5,0.0165706,126.001,1171
1250,17.4,0.0254,55.5,0.0165706,129.301,1172
1600,17.4,0.0254,55.5,0.0165706,126.471,1173
2000,17.4,0.0254,55.5,0.0165706,125.261,1174
2500,17.4,0.0254,55.5,0.0165706,124.931,1175
3150,17.4,0.0254,55.5,0.0165706,124.101,1176
4000,17.4,0.0254,55.5,0.0165706,121.771,1177
5000,17.4,0.0254,55.5,0.0165706,118.941,1178
6300,17.4,0.0254,55.5,0.0165706,114.861,1179
200,17.4,0.0254,39.6,0.0172206,114.044,1180
250,17.4,0.0254,39.6,0.0172206,114.714,1181
315,17.4,0.0254,39.6,0.0172206,115.144,1182
400,17.4,0.0254,39.6,0.0172206,115.444,1183
500,17.4,0.0254,39.6,0.0172206,117.514,1184
630,17.4,0.0254,39.6,0.0172206,124.514,1185
800,17.4,0.0254,39.6,0.0172206,135.324,1186
1000,17.4,0.0254,39.6,0.0172206,138.274,1187
1250,17.4,0.0254,39.6,0.0172206,131.364,1188
1600,17.4,0.0254,39.6,0.0172206,127.614,1189
2000,17.4,0.0254,39.6,0.0172206,126.644,1190
2500,17.4,0.0254,39.6,0.0172206,124.154,1191
3150,17.4,0.0254,39.6,0.0172206,123.564,1192
4000,17.4,0.0254,39.6,0.0172206,122.724,1193
5000,17.4,0.0254,39.6,0.0172206,119.854,1194
200,17.4,0.0254,31.7,0.0176631,116.146,1195
250,17.4,0.0254,31.7,0.0176631,116.956,1196
315,17.4,0.0254,31.7,0.0176631,118.416,1197
400,17.4,0.0254,31.7,0.0176631,120.766,1198
500,17.4,0.0254,31.7,0.0176631,127.676,1199
630,17.4,0.0254,31.7,0.0176631,136.886,1200
800,17.4,0.0254,31.7,0.0176631,139.226,1201
1000,17.4,0.0254,31.7,0.0176631,131.796,1202
1250,17.4,0.0254,31.7,0.0176631,128.306,1203
1600,17.4,0.0254,31.7,0.0176631,126.846,1204
2000,17.4,0.0254,31.7,0.0176631,124.356,1205
2500,17.4,0.0254,31.7,0.0176631,124.166,1206
3150,17.4,0.0254,31.7,0.0176631,123.466,1207
4000,17.4,0.0254,31.7,0.0176631,121.996,1208
5000,17.4,0.0254,31.7,0.0176631,117.996,1209
315,22.2,0.0254,71.3,0.0214178,115.857,1210
400,22.2,0.0254,71.3,0.0214178,117.927,1211
500,22.2,0.0254,71.3,0.0214178,117.967,1212
630,22.2,0.0254,71.3,0.0214178,120.657,1213
800,22.2,0.0254,71.3,0.0214178,123.227,1214
1000,22.2,0.0254,71.3,0.0214178,134.247,1215
1250,22.2,0.0254,71.3,0.0214178,140.987,1216
1600,22.2,0.0254,71.3,0.0214178,131.817,1217
2000,22.2,0.0254,71.3,0.0214178,127.197,1218
2500,22.2,0.0254,71.3,0.0214178,126.097,1219
3150,22.2,0.0254,71.3,0.0214178,124.127,1220
4000,22.2,0.0254,71.3,0.0214178,123.917,1221
5000,22.2,0.0254,71.3,0.0214178,125.727,1222
6300,22.2,0.0254,71.3,0.0214178,123.127,1223
8000,22.2,0.0254,71.3,0.0214178,121.657,1224
200,22.2,0.0254,39.6,0.0229028,116.066,1225
250,22.2,0.0254,39.6,0.0229028,117.386,1226
315,22.2,0.0254,39.6,0.0229028,120.716,1227
400,22.2,0.0254,39.6,0.0229028,123.416,1228
500,22.2,0.0254,39.6,0.0229028,129.776,1229
630,22.2,0.0254,39.6,0.0229028,137.026,1230
800,22.2,0.0254,39.6,0.0229028,137.076,1231
1000,22.2,0.0254,39.6,0.0229028,128.416,1232
1250,22.2,0.0254,39.6,0.0229028,126.446,1233
1600,22.2,0.0254,39.6,0.0229028,122.216,1234
2000,22.2,0.0254,39.6,0.0229028,121.256,1235
2500,22.2,0.0254,39.6,0.0229028,121.306,1236
3150,22.2,0.0254,39.6,0.0229028,120.856,1237
4000,22.2,0.0254,39.6,0.0229028,119.646,1238
5000,22.2,0.0254,39.6,0.0229028,118.816,1239
630,0.0,0.1016,71.3,0.00121072,124.155,1240
800,0.0,0.1016,71.3,0.00121072,126.805,1241
1000,0.0,0.1016,71.3,0.00121072,128.825,1242
1250,0.0,0.1016,71.3,0.00121072,130.335,1243
1600,0.0,0.1016,71.3,0.00121072,131.725,1244
2000,0.0,0.1016,71.3,0.00121072,132.095,1245
2500,0.0,0.1016,71.3,0.00121072,132.595,1246
3150,0.0,0.1016,71.3,0.00121072,131.955,1247
4000,0.0,0.1016,71.3,0.00121072,130.935,1248
5000,0.0,0.1016,71.3,0.00121072,130.795,1249
6300,0.0,0.1016,71.3,0.00121072,129.395,1250
8000,0.0,0.1016,71.3,0.00121072,125.465,1251
10000,0.0,0.1016,71.3,0.00121072,123.305,1252
12500,0.0,0.1016,71.3,0.00121072,119.375,1253
630,0.0,0.1016,55.5,0.00131983,126.17,1254
800,0.0,0.1016,55.5,0.00131983,127.92,1255
1000,0.0,0.1016,55.5,0.00131983,129.8,1256
1250,0.0,0.1016,55.5,0.00131983,131.43,1257
1600,0.0,0.1016,55.5,0.00131983,132.05,1258
2000,0.0,0.1016,55.5,0.00131983,132.54,1259
2500,0.0,0.1016,55.5,0.00131983,133.04,1260
3150,0.0,0.1016,55.5,0.00131983,131.78,1261
4000,0.0,0.1016,55.5,0.00131983,129.5,1262
5000,0.0,0.1016,55.5,0.00131983,128.36,1263
6300,0.0,0.1016,55.5,0.00131983,127.73,1264
8000,0.0,0.1016,55.5,0.00131983,124.45,1265
10000,0.0,0.1016,55.5,0.00131983,121.93,1266
12500,0.0,0.1016,55.5,0.00131983,119.91,1267
630,0.0,0.1016,39.6,0.00146332,125.401,1268
800,0.0,0.1016,39.6,0.00146332,128.401,1269
1000,0.0,0.1016,39.6,0.00146332,130.781,1270
1250,0.0,0.1016,39.6,0.00146332,132.271,1271
1600,0.0,0.1016,39.6,0.00146332,133.261,1272
2000,0.0,0.1016,39.6,0.00146332,133.251,1273
2500,0.0,0.1016,39.6,0.00146332,132.611,1274
3150,0.0,0.1016,39.6,0.00146332,130.961,1275
4000,0.0,0.1016,39.6,0.00146332,127.801,1276
5000,0.0,0.1016,39.6,0.00146332,126.021,1277
6300,0.0,0.1016,39.6,0.00146332,125.631,1278
8000,0.0,0.1016,39.6,0.00146332,122.341,1279
10000,0.0,0.1016,39.6,0.00146332,119.561,1280
630,0.0,0.1016,31.7,0.00150092,126.413,1281
800,0.0,0.1016,31.7,0.00150092,129.053,1282
1000,0.0,0.1016,31.7,0.00150092,131.313,1283
1250,0.0,0.1016,31.7,0.00150092,133.063,1284
1600,0.0,0.1016,31.7,0.00150092,133.553,1285
2000,0.0,0.1016,31.7,0.00150092,133.153,1286
2500,0.0,0.1016,31.7,0.00150092,132.003,1287
3150,0.0,0.1016,31.7,0.00150092,129.973,1288
4000,0.0,0.1016,31.7,0.00150092,126.933,1289
5000,0.0,0.1016,31.7,0.00150092,124.393,1290
6300,0.0,0.1016,31.7,0.00150092,124.253,1291
8000,0.0,0.1016,31.7,0.00150092,120.193,1292
10000,0.0,0.1016,31.7,0.00150092,115.893,1293
800,3.3,0.1016,71.3,0.00202822,131.074,1294
1000,3.3,0.1016,71.3,0.00202822,131.434,1295
1250,3.3,0.1016,71.3,0.00202822,132.304,1296
1600,3.3,0.1016,71.3,0.00202822,133.664,1297
2000,3.3,0.1016,71.3,0.00202822,134.034,1298
2500,3.3,0.1016,71.3,0.00202822,133.894,1299
3150,3.3,0.1016,71.3,0.00202822,132.114,1300
4000,3.3,0.1016,71.3,0.00202822,128.704,1301
5000,3.3,0.1016,71.3,0.00202822,127.054,1302
6300,3.3,0.1016,71.3,0.00202822,124.904,1303
8000,3.3,0.1016,71.3,0.00202822,121.234,1304
10000,3.3,0.1016,71.3,0.00202822,116.694,1305
630,3.3,0.1016,55.5,0.002211,126.599,1306
800,3.3,0.1016,55.5,0.002211,129.119,1307
1000,3.3,0.1016,55.5,0.002211,131.129,1308
1250,3.3,0.1016,55.5,0.002211,132.769,1309
1600,3.3,0.1016,55.5,0.002211,133.649,1310
2000,3.3,0.1016,55.5,0.002211,133.649,1311
2500,3.3,0.1016,55.5,0.002211,132.889,1312
3150,3.3,0.1016,55.5,0.002211,130.629,1313
4000,3.3,0.1016,55.5,0.002211,127.229,1314
5000,3.3,0.1016,55.5,0.002211,124.839,1315
6300,3.3,0.1016,55.5,0.002211,123.839,1316
8000,3.3,0.1016,55.5,0.002211,120.569,1317
10000,3.3,0.1016,55.5,0.002211,115.659,1318
630,3.3,0.1016,39.6,0.00245138,127.251,1319
800,3.3,0.1016,39.6,0.00245138,129.991,1320
1000,3.3,0.1016,39.6,0.00245138,131.971,1321
1250,3.3,0.1016,39.6,0.00245138,133.211,1322
1600,3.3,0.1016,39.6,0.00245138,133.071,1323
2000,3.3,0.1016,39.6,0.00245138,132.301,1324
2500,3.3,0.1016,39.6,0.00245138,130.791,1325
3150,3.3,0.1016,39.6,0.00245138,128.401,1326
4000,3.3,0.1016,39.6,0.00245138,124.881,1327
5000,3.3,0.1016,39.6,0.00245138,122.371,1328
6300,3.3,0.1016,39.6,0.00245138,120.851,1329
8000,3.3,0.1016,39.6,0.00245138,118.091,1330
10000,3.3,0.1016,39.6,0.00245138,115.321,1331
630,3.3,0.1016,31.7,0.00251435,128.952,1332
800,3.3,0.1016,31.7,0.00251435,131.362,1333
1000,3.3,0.1016,31.7,0.00251435,133.012,1334
1250,3.3,0.1016,31.7,0.00251435,134.022,1335
1600,3.3,0.1016,31.7,0.00251435,133.402,1336
2000,3.3,0.1016,31.7,0.00251435,131.642,1337
2500,3.3,0.1016,31.7,0.00251435,130.392,1338
3150,3.3,0.1016,31.7,0.00251435,128.252,1339
4000,3.3,0.1016,31.7,0.00251435,124.852,1340
5000,3.3,0.1016,31.7,0.00251435,122.082,1341
6300,3.3,0.1016,31.7,0.00251435,120.702,1342
8000,3.3,0.1016,31.7,0.00251435,117.432,1343
630,6.7,0.1016,71.3,0.00478288,131.448,1344
800,6.7,0.1016,71.3,0.00478288,134.478,1345
1000,6.7,0.1016,71.3,0.00478288,136.758,1346
1250,6.7,0.1016,71.3,0.00478288,137.658,1347
1600,6.7,0.1016,71.3,0.00478288,136.678,1348
2000,6.7,0.1016,71.3,0.00478288,134.568,1349
2500,6.7,0.1016,71.3,0.00478288,131.458,1350
3150,6.7,0.1016,71.3,0.00478288,124.458,1351
500,6.7,0.1016,55.5,0.0052139,129.343,1352
630,6.7,0.1016,55.5,0.0052139,133.023,1353
800,6.7,0.1016,55.5,0.0052139,135.953,1354
1000,6.7,0.1016,55.5,0.0052139,137.233,1355
1250,6.7,0.1016,55.5,0.0052139,136.883,1356
1600,6.7,0.1016,55.5,0.0052139,133.653,1357
2000,6.7,0.1016,55.5,0.0052139,129.653,1358
2500,6.7,0.1016,55.5,0.0052139,124.273,1359
400,6.7,0.1016,39.6,0.00578076,128.295,1360
500,6.7,0.1016,39.6,0.00578076,130.955,1361
630,6.7,0.1016,39.6,0.00578076,133.355,1362
800,6.7,0.1016,39.6,0.00578076,134.625,1363
1000,6.7,0.1016,39.6,0.00578076,134.515,1364
1250,6.7,0.1016,39.6,0.00578076,132.395,1365
1600,6.7,0.1016,39.6,0.00578076,127.375,1366
2000,6.7,0.1016,39.6,0.00578076,122.235,1367
315,6.7,0.1016,31.7,0.00592927,126.266,1368
400,6.7,0.1016,31.7,0.00592927,128.296,1369
500,6.7,0.1016,31.7,0.00592927,130.206,1370
630,6.7,0.1016,31.7,0.00592927,132.116,1371
800,6.7,0.1016,31.7,0.00592927,132.886,1372
1000,6.7,0.1016,31.7,0.00592927,131.636,1373
1250,6.7,0.1016,31.7,0.00592927,129.256,1374
1600,6.7,0.1016,31.7,0.00592927,124.346,1375
2000,6.7,0.1016,31.7,0.00592927,120.446,1376
200,8.9,0.1016,71.3,0.0103088,133.503,1377
250,8.9,0.1016,71.3,0.0103088,134.533,1378
315,8.9,0.1016,71.3,0.0103088,136.583,1379
400,8.9,0.1016,71.3,0.0103088,138.123,1380
500,8.9,0.1016,71.3,0.0103088,138.523,1381
630,8.9,0.1016,71.3,0.0103088,138.423,1382
800,8.9,0.1016,71.3,0.0103088,137.813,1383
1000,8.9,0.1016,71.3,0.0103088,135.433,1384
1250,8.9,0.1016,71.3,0.0103088,132.793,1385
1600,8.9,0.1016,71.3,0.0103088,128.763,1386
2000,8.9,0.1016,71.3,0.0103088,124.233,1387
2500,8.9,0.1016,71.3,0.0103088,123.623,1388
3150,8.9,0.1016,71.3,0.0103088,123.263,1389
4000,8.9,0.1016,71.3,0.0103088,120.243,1390
5000,8.9,0.1016,71.3,0.0103088,116.723,1391
6300,8.9,0.1016,71.3,0.0103088,117.253,1392
200,8.9,0.1016,39.6,0.0124596,133.42,1393
250,8.9,0.1016,39.6,0.0124596,134.34,1394
315,8.9,0.1016,39.6,0.0124596,135.38,1395
400,8.9,0.1016,39.6,0.0124596,135.54,1396
500,8.9,0.1016,39.6,0.0124596,133.79,1397
630,8.9,0.1016,39.6,0.0124596,131.92,1398
800,8.9,0.1016,39.6,0.0124596,130.94,1399
1000,8.9,0.1016,39.6,0.0124596,129.58,1400
1250,8.9,0.1016,39.6,0.0124596,127.71,1401
1600,8.9,0.1016,39.6,0.0124596,123.82,1402
2000,8.9,0.1016,39.6,0.0124596,119.04,1403
2500,8.9,0.1016,39.6,0.0124596,119.19,1404
3150,8.9,0.1016,39.6,0.0124596,119.35,1405
4000,8.9,0.1016,39.6,0.0124596,116.22,1406
5000,8.9,0.1016,39.6,0.0124596,113.08,1407
6300,8.9,0.1016,39.6,0.0124596,113.11,1408
200,12.3,0.1016,71.3,0.0337792,130.588,1409
250,12.3,0.1016,71.3,0.0337792,131.568,1410
315,12.3,0.1016,71.3,0.0337792,137.068,1411
400,12.3,0.1016,71.3,0.0337792,139.428,1412
500,12.3,0.1016,71.3,0.0337792,140.158,1413
630,12.3,0.1016,71.3,0.0337792,135.368,1414
800,12.3,0.1016,71.3,0.0337792,127.318,1415
1000,12.3,0.1016,71.3,0.0337792,127.928,1416
1250,12.3,0.1016,71.3,0.0337792,126.648,1417
1600,12.3,0.1016,71.3,0.0337792,124.748,1418
2000,12.3,0.1016,71.3,0.0337792,122.218,1419
2500,12.3,0.1016,71.3,0.0337792,121.318,1420
3150,12.3,0.1016,71.3,0.0337792,120.798,1421
4000,12.3,0.1016,71.3,0.0337792,118.018,1422
5000,12.3,0.1016,71.3,0.0337792,116.108,1423
6300,12.3,0.1016,71.3,0.0337792,113.958,1424
200,12.3,0.1016,55.5,0.0368233,132.304,1425
250,12.3,0.1016,55.5,0.0368233,133.294,1426
315,12.3,0.1016,55.5,0.0368233,135.674,1427
400,12.3,0.1016,55.5,0.0368233,136.414,1428
500,12.3,0.1016,55.5,0.0368233,133.774,1429
630,12.3,0.1016,55.5,0.0368233,124.244,1430
800,12.3,0.1016,55.5,0.0368233,125.114,1431
1000,12.3,0.1016,55.5,0.0368233,125.484,1432
1250,12.3,0.1016,55.5,0.0368233,124.214,1433
1600,12.3,0.1016,55.5,0.0368233,121.824,1434
2000,12.3,0.1016,55.5,0.0368233,118.564,1435
2500,12.3,0.1016,55.5,0.0368233,117.054,1436
3150,12.3,0.1016,55.5,0.0368233,116.914,1437
4000,12.3,0.1016,55.5,0.0368233,114.404,1438
5000,12.3,0.1016,55.5,0.0368233,112.014,1439
6300,12.3,0.1016,55.5,0.0368233,110.124,1440
200,12.3,0.1016,39.6,0.0408268,128.545,1441
250,12.3,0.1016,39.6,0.0408268,129.675,1442
315,12.3,0.1016,39.6,0.0408268,129.415,1443
400,12.3,0.1016,39.6,0.0408268,128.265,1444
500,12.3,0.1016,39.6,0.0408268,122.205,1445
630,12.3,0.1016,39.6,0.0408268,121.315,1446
800,12.3,0.1016,39.6,0.0408268,122.315,1447
1000,12.3,0.1016,39.6,0.0408268,122.435,1448
1250,12.3,0.1016,39.6,0.0408268,121.165,1449
1600,12.3,0.1016,39.6,0.0408268,117.875,1450
2000,12.3,0.1016,39.6,0.0408268,114.085,1451
2500,12.3,0.1016,39.6,0.0408268,113.315,1452
3150,12.3,0.1016,39.6,0.0408268,113.055,1453
4000,12.3,0.1016,39.6,0.0408268,110.905,1454
5000,12.3,0.1016,39.6,0.0408268,108.625,1455
6300,12.3,0.1016,39.6,0.0408268,107.985,1456
200,12.3,0.1016,31.7,0.0418756,124.987,1457
250,12.3,0.1016,31.7,0.0418756,125.857,1458
315,12.3,0.1016,31.7,0.0418756,124.717,1459
400,12.3,0.1016,31.7,0.0418756,123.207,1460
500,12.3,0.1016,31.7,0.0418756,118.667,1461
630,12.3,0.1016,31.7,0.0418756,119.287,1462
800,12.3,0.1016,31.7,0.0418756,120.037,1463
1000,12.3,0.1016,31.7,0.0418756,119.777,1464
1250,12.3,0.1016,31.7,0.0418756,118.767,1465
1600,12.3,0.1016,31.7,0.0418756,114.477,1466
2000,12.3,0.1016,31.7,0.0418756,110.447,1467
2500,12.3,0.1016,31.7,0.0418756,110.317,1468
3150,12.3,0.1016,31.7,0.0418756,110.307,1469
4000,12.3,0.1016,31.7,0.0418756,108.407,1470
5000,12.3,0.1016,31.7,0.0418756,107.147,1471
6300,12.3,0.1016,31.7,0.0418756,107.267,1472
200,15.6,0.1016,71.3,0.0437259,130.898,1473
250,15.6,0.1016,71.3,0.0437259,132.158,1474
315,15.6,0.1016,71.3,0.0437259,133.808,1475
400,15.6,0.1016,71.3,0.0437259,134.058,1476
500,15.6,0.1016,71.3,0.0437259,130.638,1477
630,15.6,0.1016,71.3,0.0437259,122.288,1478
800,15.6,0.1016,71.3,0.0437259,124.188,1479
1000,15.6,0.1016,71.3,0.0437259,124.438,1480
1250,15.6,0.1016,71.3,0.0437259,123.178,1481
1600,15.6,0.1016,71.3,0.0437259,121.528,1482
2000,15.6,0.1016,71.3,0.0437259,119.888,1483
2500,15.6,0.1016,71.3,0.0437259,118.998,1484
3150,15.6,0.1016,71.3,0.0437259,116.468,1485
4000,15.6,0.1016,71.3,0.0437259,113.298,1486
200,15.6,0.1016,39.6,0.0528487,123.514,1487
250,15.6,0.1016,39.6,0.0528487,124.644,1488
315,15.6,0.1016,39.6,0.0528487,122.754,1489
400,15.6,0.1016,39.6,0.0528487,120.484,1490
500,15.6,0.1016,39.6,0.0528487,115.304,1491
630,15.6,0.1016,39.6,0.0528487,118.084,1492
800,15.6,0.1016,39.6,0.0528487,118.964,1493
1000,15.6,0.1016,39.6,0.0528487,119.224,1494
1250,15.6,0.1016,39.6,0.0528487,118.214,1495
1600,15.6,0.1016,39.6,0.0528487,114.554,1496
2000,15.6,0.1016,39.6,0.0528487,110.894,1497
2500,15.6,0.1016,39.6,0.0528487,110.264,1498
3150,15.6,0.1016,39.6,0.0528487,109.254,1499
4000,15.6,0.1016,39.6,0.0528487,106.604,1500
5000,15.6,0.1016,39.6,0.0528487,106.224,1501
6300,15.6,0.1016,39.6,0.0528487,104.204,1502
